,filename,width,height,xmin,ymin,xmax,ymax,class
4194,270-normal-133.jpg,720,1280,278,206,308,224,mobil
4744,90-normal-194.jpg,720,1280,456,1004,483,1023,mobil
2611,0-normal-63.jpg,1280,720,946,170,972,185,mobil
5592,0-cka-122.jpg,640,360,548,199,567,225,mobil
1225,90-ckb-53.jpg,360,640,17,325,35,339,motor
2492,0-normal-58.jpg,1280,720,959,57,976,85,mobil
7029,270-cka-178.jpg,360,640,243,354,263,376,motor
1108,90-ckb-189.jpg,360,640,150,446,177,458,motor
3262,0-normal-131.jpg,1280,720,1097,386,1131,429,mobil
6211,0-ckb-63.jpg,640,360,286,211,318,227,mobil
4028,270-normal-78.jpg,720,1280,345,11,379,32,mobil
4285,270-normal-150.jpg,720,1280,500,111,536,135,mobil
1796,90-normal-69.jpg,720,1280,88,1081,111,1124,mobil
981,90-ckb-11.jpg,360,640,273,568,339,615,truk
7421,270-cka-89.jpg,360,640,254,47,273,61,motor
678,180-ckb-187.jpg,640,360,220,320,233,339,motor
4477,90-normal-119.jpg,720,1280,400,1263,469,1278,truk
6909,270-cka-13.jpg,360,640,25,162,80,195,truk
1191,90-ckb-32.jpg,360,640,274,509,311,534,mobil
6709,270-ckb-62.jpg,360,640,286,227,323,247,mobil
6846,270-cka-113.jpg,360,640,192,12,232,46,mobil
7694,90-cka-28.jpg,360,640,206,463,240,497,mobil
873,180-ckb-67.jpg,640,360,134,1,162,64,truk
5488,0-cka-77.jpg,640,360,591,325,613,357,mobil
1674,90-normal-59.jpg,720,1280,565,964,608,991,truk
6940,270-cka-139.jpg,360,640,255,277,285,302,mobil
6337,0-ckb-78.jpg,640,360,600,284,625,318,mobil
1437,90-normal-2.jpg,720,1280,569,1155,588,1174,motor
3368,0-normal-151.jpg,1280,720,1179,524,1192,539,motor
180,180-cka-175.jpg,640,360,120,89,149,120,mobil
6360,0-ckb-84.jpg,640,360,471,285,507,309,mobil
696,180-ckb-194.jpg,640,360,145,142,166,165,mobil
6311,0-ckb-75.jpg,640,360,517,159,550,177,mobil
7946,90-cka-76.jpg,360,640,266,577,324,609,truk
7599,90-cka-171.jpg,360,640,232,504,250,525,mobil
1748,90-normal-66.jpg,720,1280,329,1004,346,1037,mobil
1163,90-ckb-21.jpg,360,640,257,467,290,485,mobil
1893,90-normal-77.jpg,720,1280,381,1180,412,1220,mobil
3778,270-normal-58.jpg,720,1280,469,296,521,333,truk
6314,0-ckb-75.jpg,640,360,623,278,640,309,mobil
1884,90-normal-76.jpg,720,1280,375,1154,401,1204,mobil
2676,0-normal-65.jpg,1280,720,1052,41,1068,66,mobil
7875,90-cka-68.jpg,360,640,150,539,159,549,motor
38,180-cka-118.jpg,640,360,12,163,41,229,truk
2912,0-normal-73.jpg,1280,720,1139,153,1180,169,mobil
1806,90-normal-70.jpg,720,1280,545,1191,573,1217,mobil
2357,0-normal-51.jpg,1280,720,950,425,965,444,motor
4395,270-normal-191.jpg,720,1280,115,241,148,265,mobil
4753,90-normal-196.jpg,720,1280,553,1002,608,1023,mobil
1371,90-ckb-79.jpg,360,640,259,625,296,640,mobil
128,180-cka-149.jpg,640,360,170,241,186,264,mobil
4638,90-normal-154.jpg,720,1280,203,1236,243,1273,mobil
1533,90-normal-42.jpg,720,1280,365,984,417,1009,truk
4390,270-normal-190.jpg,720,1280,144,249,204,275,truk
1223,90-ckb-51.jpg,360,640,292,310,306,324,motor
3243,0-normal-127.jpg,1280,720,1153,365,1184,403,mobil
7406,270-cka-85.jpg,360,640,117,91,178,125,truk
3392,0-normal-155.jpg,1280,720,1173,111,1202,140,mobil
5271,0-cka-53.jpg,640,360,316,96,334,125,mobil
2940,0-normal-74.jpg,1280,720,829,303,849,314,motor
942,180-ckb-78.jpg,640,360,14,343,33,360,mobil
3918,270-normal-69.jpg,720,1280,233,84,268,106,mobil
1918,90-normal-80.jpg,720,1280,40,1219,64,1259,mobil
2121,0-normal-21.jpg,1280,720,1123,410,1144,442,mobil
4278,270-normal-148.jpg,720,1280,639,87,686,108,mobil
3688,270-normal-45.jpg,720,1280,39,360,82,387,truk
3167,0-normal-89.jpg,1280,720,1231,627,1243,646,motor
6970,270-cka-149.jpg,360,640,88,175,121,192,mobil
2429,0-normal-56.jpg,1280,720,988,152,1011,214,truk
4718,90-normal-190.jpg,720,1280,568,1019,606,1042,truk
5859,0-ckb-126.jpg,640,360,507,274,532,309,mobil
5106,180-normal-193.jpg,1280,720,145,130,168,169,mobil
4270,270-normal-146.jpg,720,1280,456,129,498,149,mobil
1404,90-normal-13.jpg,720,1280,195,1187,261,1234,truk
3920,270-normal-69.jpg,720,1280,178,81,211,104,mobil
3244,0-normal-127.jpg,1280,720,1180,435,1213,473,mobil
6626,270-ckb-33.jpg,360,640,86,155,103,171,motor
5522,0-cka-84.jpg,640,360,549,241,571,275,truk
2057,0-normal-17.jpg,1280,720,1096,244,1121,275,mobil
4662,90-normal-171.jpg,720,1280,578,1146,610,1177,mobil
6112,0-ckb-49.jpg,640,360,268,2,293,32,mobil
4636,90-normal-153.jpg,720,1280,157,1158,185,1179,mobil
3502,0-normal-193.jpg,1280,720,1131,449,1164,502,truk
3707,270-normal-49.jpg,720,1280,83,346,119,368,mobil
5924,0-ckb-145.jpg,640,360,462,202,481,233,mobil
3334,0-normal-144.jpg,1280,720,1096,149,1124,190,mobil
1867,90-normal-74.jpg,720,1280,244,1156,275,1199,mobil
2289,0-normal-44.jpg,1280,720,882,359,915,374,mobil
7143,270-cka-41.jpg,360,640,172,295,187,309,motor
1960,90-normal-88.jpg,720,1280,559,1190,579,1208,truk
1904,90-normal-78.jpg,720,1280,264,1221,289,1261,mobil
2612,0-normal-63.jpg,1280,720,926,216,959,233,mobil
6749,270-ckb-68.jpg,360,640,64,131,115,161,truk
920,180-ckb-72.jpg,640,360,44,87,62,124,mobil
2024,0-normal-11.jpg,1280,720,1066,516,1195,560,truk
7026,270-cka-176.jpg,360,640,99,331,117,350,motor
1044,90-ckb-145.jpg,360,640,275,463,315,487,mobil
4540,90-normal-134.jpg,720,1280,433,1028,457,1049,mobil
7650,90-cka-19.jpg,360,640,81,469,111,493,motor
6186,0-ckb-60.jpg,640,360,320,36,343,74,truk
1888,90-normal-76.jpg,720,1280,505,1154,542,1196,mobil
2191,0-normal-29.jpg,1280,720,1144,518,1173,557,mobil
4596,90-normal-144.jpg,720,1280,70,1131,120,1148,mobil
3236,0-normal-126.jpg,1280,720,1168,346,1196,387,mobil
1267,90-ckb-61.jpg,360,640,101,366,118,377,motor
2749,0-normal-67.jpg,1280,720,1140,463,1152,478,motor
5659,0-cka-142.jpg,640,360,428,228,442,247,motor
4557,90-normal-137.jpg,720,1280,219,1040,250,1063,mobil
5198,0-cka-26.jpg,640,360,459,182,477,210,mobil
6230,0-ckb-65.jpg,640,360,412,33,427,62,truk
1754,90-normal-66.jpg,720,1280,65,1077,137,1111,truk
6370,0-ckb-87.jpg,640,360,534,57,548,75,motor
4373,270-normal-187.jpg,720,1280,478,165,510,187,mobil
574,180-ckb-132.jpg,640,360,160,305,188,335,mobil
4063,270-normal-84.jpg,720,1280,242,69,272,94,mobil
764,180-ckb-32.jpg,640,360,124,227,151,259,mobil
4628,90-normal-152.jpg,720,1280,537,1127,574,1148,mobil
7971,90-cka-82.jpg,360,640,71,524,90,560,mobil
6549,270-ckb-194.jpg,360,640,135,140,166,161,mobil
4946,180-normal-144.jpg,1280,720,117,17,133,47,truk
7554,90-cka-145.jpg,360,640,325,417,354,440,mobil
7814,90-cka-59.jpg,360,640,108,349,138,369,mobil
1230,90-ckb-55.jpg,360,640,292,305,309,319,motor
3131,0-normal-87.jpg,1280,720,1174,222,1202,281,truk
99,180-cka-137.jpg,640,360,250,1,263,28,mobil
6597,270-ckb-21.jpg,360,640,64,153,110,172,mobil
312,180-cka-48.jpg,640,360,342,340,362,360,truk
4245,270-normal-143.jpg,720,1280,615,106,648,131,mobil
3220,0-normal-123.jpg,1280,720,1156,185,1180,215,mobil
3254,0-normal-129.jpg,1280,720,1145,465,1181,502,mobil
4442,270-normal-207.jpg,720,1280,678,140,719,169,mobil
320,180-cka-50.jpg,640,360,343,298,366,330,mobil
1123,90-ckb-194.jpg,360,640,136,479,163,497,mobil
6189,0-ckb-60.jpg,640,360,329,215,349,243,mobil
3539,0-normal-201.jpg,1280,720,1061,496,1090,552,truk
4263,270-normal-145.jpg,720,1280,412,153,445,177,mobil
1821,90-normal-71.jpg,720,1280,359,1212,385,1232,motor
5708,0-cka-159.jpg,640,360,509,66,526,91,mobil
4789,180-normal-111.jpg,1280,720,1,525,21,553,mobil
2213,0-normal-32.jpg,1280,720,1147,422,1175,461,mobil
3427,0-normal-177.jpg,1280,720,1183,518,1211,551,mobil
568,180-ckb-130.jpg,640,360,115,229,137,257,mobil
4970,180-normal-148.jpg,1280,720,86,40,116,83,mobil
1413,90-normal-16.jpg,720,1280,596,1074,624,1096,mobil
1895,90-normal-77.jpg,720,1280,499,1258,520,1271,motor
5919,0-ckb-144.jpg,640,360,483,295,503,328,mobil
1155,90-ckb-202.jpg,360,640,163,416,207,444,mobil
3552,270-normal-5.jpg,720,1280,306,2,368,39,truk
1224,90-ckb-52.jpg,360,640,167,322,182,335,motor
565,180-ckb-129.jpg,640,360,92,264,107,286,mobil
6482,270-ckb-154.jpg,360,640,123,37,152,56,mobil
3740,270-normal-54.jpg,720,1280,11,329,39,354,mobil
1561,90-normal-45.jpg,720,1280,106,1045,128,1061,motor
4142,270-normal-122.jpg,720,1280,1,141,20,158,mobil
2538,0-normal-60.jpg,1280,720,921,534,964,553,mobil
1465,90-normal-25.jpg,720,1280,667,1065,700,1096,mobil
6786,270-ckb-74.jpg,360,640,119,450,148,493,mobil
2769,0-normal-68.jpg,1280,720,1181,210,1191,223,motor
4949,180-normal-145.jpg,1280,720,130,303,150,330,motor
3309,0-normal-140.jpg,1280,720,1090,523,1118,559,mobil
2428,0-normal-56.jpg,1280,720,943,136,969,186,truk
4188,270-normal-132.jpg,720,1280,443,141,478,161,mobil
1500,90-normal-32.jpg,720,1280,263,1151,299,1172,mobil
3023,0-normal-79.jpg,1280,720,1271,207,1280,226,motor
4798,180-normal-114.jpg,1280,720,65,666,82,689,mobil
593,180-ckb-14.jpg,640,360,63,153,107,215,truk
1577,90-normal-49.jpg,720,1280,515,907,552,938,truk
1393,90-ckb-88.jpg,360,640,132,583,150,599,motor
2120,0-normal-21.jpg,1280,720,1108,286,1131,333,truk
2640,0-normal-64.jpg,1280,720,928,298,962,320,mobil
3518,0-normal-195.jpg,1280,720,1152,675,1181,712,mobil
2410,0-normal-55.jpg,1280,720,963,242,978,270,mobil
6900,270-cka-127.jpg,360,640,250,150,277,173,mobil
1324,90-ckb-69.jpg,360,640,204,505,253,532,truk
7637,90-cka-188.jpg,360,640,273,294,302,317,mobil
474,180-cka-75.jpg,640,360,100,47,134,69,mobil
959,180-ckb-82.jpg,640,360,75,13,115,34,mobil
7685,90-cka-26.jpg,360,640,149,456,182,479,mobil
3843,270-normal-64.jpg,720,1280,591,263,637,289,mobil
4500,90-normal-125.jpg,720,1280,469,1135,510,1158,mobil
1786,90-normal-68.jpg,720,1280,14,1130,58,1154,mobil
6481,270-ckb-154.jpg,360,640,151,51,176,67,mobil
5844,0-ckb-122.jpg,640,360,574,287,591,308,mobil
5886,0-ckb-134.jpg,640,360,303,53,314,66,motor
3452,0-normal-184.jpg,1280,720,915,72,948,116,mobil
1375,90-ckb-80.jpg,360,640,176,564,196,602,mobil
2963,0-normal-75.jpg,1280,720,1232,129,1242,142,motor
835,180-ckb-59.jpg,640,360,241,313,269,360,truk
5782,0-cka-192.jpg,640,360,413,233,433,265,mobil
4376,270-normal-187.jpg,720,1280,1,363,16,384,mobil
220,180-cka-19.jpg,640,360,146,1,166,41,mobil
849,180-ckb-62.jpg,640,360,260,150,281,186,mobil
5132,180-normal-199.jpg,1280,720,131,26,163,70,mobil
7929,90-cka-74.jpg,360,640,61,616,94,634,mobil
4848,180-normal-126.jpg,1280,720,107,416,129,440,mobil
2993,0-normal-77.jpg,1280,720,1186,487,1229,507,mobil
2914,0-normal-73.jpg,1280,720,1180,29,1200,53,mobil
484,180-cka-76.jpg,640,360,1,34,19,69,mobil
7335,270-cka-73.jpg,360,640,36,58,49,72,motor
3306,0-normal-140.jpg,1280,720,1028,247,1051,280,mobil
473,180-cka-75.jpg,640,360,82,20,121,40,mobil
240,180-cka-192.jpg,640,360,215,45,237,82,mobil
2562,0-normal-61.jpg,1280,720,995,480,1015,508,mobil
3545,0-normal-207.jpg,1280,720,1068,562,1102,609,truk
4768,90-normal-199.jpg,720,1280,31,1119,54,1149,mobil
3394,0-normal-156.jpg,1280,720,1179,111,1203,141,mobil
1777,90-normal-68.jpg,720,1280,548,1161,577,1178,mobil
1764,90-normal-67.jpg,720,1280,289,1130,329,1154,mobil
5800,0-ckb-5.jpg,640,360,599,305,638,360,truk
2210,0-normal-32.jpg,1280,720,1125,470,1153,509,mobil
3983,270-normal-74.jpg,720,1280,269,21,302,46,mobil
3601,270-normal-21.jpg,720,1280,441,150,480,169,mobil
3637,270-normal-28.jpg,720,1280,603,89,673,112,truk
4306,270-normal-154.jpg,720,1280,348,31,398,69,mobil
2278,0-normal-44.jpg,1280,720,902,25,922,60,truk
4998,180-normal-154.jpg,1280,720,120,577,141,600,mobil
972,180-ckb-89.jpg,640,360,34,76,50,94,motor
1769,90-normal-67.jpg,720,1280,213,1099,261,1126,mobil
4426,270-normal-198.jpg,720,1280,636,138,675,174,mobil
7180,270-cka-51.jpg,360,640,152,332,180,349,mobil
1197,90-ckb-34.jpg,360,640,146,509,164,526,motor
6344,0-ckb-82.jpg,640,360,547,32,572,90,truk
127,180-cka-148.jpg,640,360,190,263,206,284,mobil
4506,90-normal-126.jpg,720,1280,412,1150,446,1173,mobil
3446,0-normal-182.jpg,1280,720,1022,366,1041,390,motor
616,180-ckb-146.jpg,640,360,127,238,145,270,mobil
5513,0-cka-83.jpg,640,360,520,25,540,48,mobil
5746,0-cka-181.jpg,640,360,262,44,290,86,mobil
3899,270-normal-68.jpg,720,1280,226,86,254,102,truk
104,180-cka-140.jpg,640,360,248,246,267,270,motor
4323,270-normal-162.jpg,720,1280,96,24,136,56,mobil
4230,270-normal-140.jpg,720,1280,523,161,564,190,mobil
5762,0-cka-188.jpg,640,360,299,161,322,197,mobil
6889,270-cka-123.jpg,360,640,101,117,127,140,mobil
397,180-cka-62.jpg,640,360,275,148,293,181,mobil
5359,0-cka-64.jpg,640,360,397,141,408,155,motor
468,180-cka-74.jpg,640,360,66,214,85,244,mobil
592,180-ckb-139.jpg,640,360,252,285,280,325,mobil
7422,270-cka-89.jpg,360,640,189,62,209,74,motor
1861,90-normal-74.jpg,720,1280,416,1232,454,1254,mobil
3507,0-normal-193.jpg,1280,720,1088,317,1105,343,motor
5485,0-cka-77.jpg,640,360,616,200,628,212,motor
5243,0-cka-49.jpg,640,360,253,55,270,82,truk
6153,0-ckb-55.jpg,640,360,322,236,339,266,mobil
7876,90-cka-68.jpg,360,640,200,519,233,539,mobil
93,180-cka-135.jpg,640,360,243,28,263,56,mobil
2506,0-normal-59.jpg,1280,720,967,116,985,150,truk
2712,0-normal-66.jpg,1280,720,994,358,1027,375,mobil
136,180-cka-151.jpg,640,360,157,297,173,323,mobil
3171,0-normal-90.jpg,1280,720,1247,30,1262,45,motor
6034,0-ckb-189.jpg,640,360,314,48,342,97,truk
5852,0-ckb-124.jpg,640,360,554,316,576,339,mobil
7266,270-cka-63.jpg,360,640,297,255,340,283,truk
6494,270-ckb-177.jpg,360,640,154,66,191,86,mobil
7567,90-cka-152.jpg,360,640,191,485,235,503,mobil
635,180-ckb-152.jpg,640,360,100,164,126,204,mobil
6828,270-ckb-89.jpg,360,640,260,36,293,57,motor
960,180-ckb-82.jpg,640,360,74,1,121,15,mobil
7569,90-cka-153.jpg,360,640,198,462,228,481,mobil
5495,0-cka-78.jpg,640,360,551,322,585,336,mobil
4328,270-normal-168.jpg,720,1280,235,1,254,20,mobil
2623,0-normal-63.jpg,1280,720,937,155,966,171,mobil
800,180-ckb-52.jpg,640,360,306,168,318,182,motor
765,180-ckb-32.jpg,640,360,107,276,131,309,mobil
1662,90-normal-58.jpg,720,1280,200,950,252,977,truk
7676,90-cka-24.jpg,360,640,215,456,259,480,truk
176,180-cka-172.jpg,640,360,111,209,130,236,mobil
1510,90-normal-35.jpg,720,1280,157,1115,180,1132,motor
3248,0-normal-128.jpg,1280,720,1138,369,1167,414,mobil
7053,270-cka-187.jpg,360,640,111,341,152,361,mobil
1870,90-normal-75.jpg,720,1280,610,1224,666,1259,truk
2971,0-normal-76.jpg,1280,720,1259,291,1280,323,mobil
2822,0-normal-69.jpg,1280,720,1085,612,1118,632,mobil
7666,90-cka-194.jpg,360,640,1,412,41,434,mobil
328,180-cka-52.jpg,640,360,328,161,349,190,mobil
7631,90-cka-185.jpg,360,640,334,242,344,256,motor
7371,270-cka-76.jpg,360,640,182,88,194,125,mobil
6077,0-ckb-28.jpg,640,360,454,72,468,93,motor
5283,0-cka-54.jpg,640,360,288,63,316,110,truk
985,90-ckb-124.jpg,360,640,309,582,335,605,mobil
4159,270-normal-126.jpg,720,1280,423,54,458,77,mobil
4021,270-normal-77.jpg,720,1280,200,7,217,23,motor
4733,90-normal-193.jpg,720,1280,321,1082,345,1103,mobil
268,180-cka-27.jpg,640,360,146,16,168,44,mobil
1200,90-ckb-37.jpg,360,640,61,513,101,536,mobil
7738,90-cka-46.jpg,360,640,322,263,353,295,mobil
5976,0-ckb-169.jpg,640,360,431,103,460,130,mobil
6151,0-ckb-55.jpg,640,360,299,105,322,154,truk
5842,0-ckb-121.jpg,640,360,561,186,574,200,mobil
1415,90-normal-17.jpg,720,1280,30,1193,115,1232,truk
1739,90-normal-65.jpg,720,1280,194,1008,233,1035,mobil
4901,180-normal-137.jpg,1280,720,251,358,275,383,mobil
2407,0-normal-55.jpg,1280,720,935,106,961,155,truk
3648,270-normal-31.jpg,720,1280,178,151,202,172,motor
5162,0-cka-15.jpg,640,360,452,93,476,118,motor
5366,0-cka-64.jpg,640,360,288,294,320,315,mobil
683,180-ckb-19.jpg,640,360,126,1,157,56,truk
5169,0-cka-17.jpg,640,360,444,60,467,94,mobil
1019,90-ckb-139.jpg,360,640,67,448,91,462,motor
5818,0-ckb-114.jpg,640,360,622,299,640,322,mobil
3735,270-normal-54.jpg,720,1280,228,324,259,346,mobil
1041,90-ckb-144.jpg,360,640,247,498,328,521,truk
5248,0-cka-50.jpg,640,360,308,290,319,304,motor
1040,90-ckb-144.jpg,360,640,25,506,52,525,mobil
1772,90-normal-67.jpg,720,1280,1,1117,60,1148,truk
3206,0-normal-120.jpg,1280,720,1184,135,1206,160,mobil
5493,0-cka-78.jpg,640,360,612,171,627,187,motor
6149,0-ckb-55.jpg,640,360,344,95,366,158,truk
3773,270-normal-57.jpg,720,1280,70,290,112,315,truk
4783,90-normal-205.jpg,720,1280,128,1049,173,1085,truk
7481,90-cka-123.jpg,360,640,150,516,179,537,mobil
702,180-ckb-195.jpg,640,360,148,116,176,155,mobil
4046,270-normal-81.jpg,720,1280,567,1,586,38,mobil
6246,0-ckb-68.jpg,640,360,521,74,541,105,mobil
2778,0-normal-68.jpg,1280,720,1157,198,1174,229,mobil
617,180-ckb-146.jpg,640,360,155,237,168,261,mobil
4257,270-normal-144.jpg,720,1280,308,135,348,160,mobil
4877,180-normal-131.jpg,1280,720,196,409,218,441,mobil
5732,0-cka-176.jpg,640,360,290,100,309,118,motor
7920,90-cka-73.jpg,360,640,309,570,325,583,motor
1454,90-normal-22.jpg,720,1280,703,1066,720,1092,truk
7297,270-cka-68.jpg,360,640,214,86,241,103,truk
4096,270-normal-111.jpg,720,1280,162,1,194,24,mobil
5856,0-ckb-125.jpg,640,360,521,254,546,279,mobil
3830,270-normal-62.jpg,720,1280,186,271,217,293,mobil
3181,0-normal-114.jpg,1280,720,1209,68,1231,95,mobil
5509,0-cka-82.jpg,640,360,524,268,561,290,mobil
7078,270-cka-191.jpg,360,640,273,196,323,237,truk
744,180-ckb-22.jpg,640,360,125,101,146,137,mobil
6686,270-ckb-58.jpg,360,640,118,304,160,336,truk
4919,180-normal-140.jpg,1280,720,241,599,259,618,motor
4439,270-normal-205.jpg,720,1280,548,206,598,232,truk
2861,0-normal-71.jpg,1280,720,1208,565,1232,599,mobil
2209,0-normal-32.jpg,1280,720,1147,422,1175,461,mobil
4470,90-normal-118.jpg,720,1280,366,1250,396,1273,mobil
4655,90-normal-162.jpg,720,1280,595,1228,637,1256,mobil
470,180-cka-74.jpg,640,360,97,235,130,266,mobil
893,180-ckb-69.jpg,640,360,108,115,131,159,truk
3936,270-normal-70.jpg,720,1280,129,120,154,154,mobil
3230,0-normal-125.jpg,1280,720,1154,253,1181,288,mobil
4151,270-normal-124.jpg,720,1280,200,104,225,128,mobil
4828,180-normal-121.jpg,1280,720,62,505,87,541,mobil
5505,0-cka-81.jpg,640,360,569,142,603,162,mobil
6269,0-ckb-71.jpg,640,360,150,224,180,244,mobil
1784,90-normal-68.jpg,720,1280,148,1065,168,1102,mobil
1022,90-ckb-139.jpg,360,640,287,369,315,386,mobil
2643,0-normal-64.jpg,1280,720,992,324,1014,356,mobil
3386,0-normal-154.jpg,1280,720,1223,281,1250,320,mobil
1003,90-ckb-132.jpg,360,640,243,479,273,502,mobil
4841,180-normal-124.jpg,1280,720,88,451,109,479,mobil
2821,0-normal-69.jpg,1280,720,1151,572,1172,608,mobil
7041,270-cka-181.jpg,360,640,326,258,342,279,motor
4600,90-normal-145.jpg,720,1280,475,1103,510,1131,mobil
5296,0-cka-56.jpg,640,360,331,340,352,360,mobil
4497,90-normal-124.jpg,720,1280,379,1190,410,1216,mobil
5222,0-cka-41.jpg,640,360,321,133,340,160,truk
588,180-ckb-138.jpg,640,360,212,258,224,283,motor
5404,0-cka-69.jpg,640,360,532,288,551,322,truk
7221,270-cka-56.jpg,360,640,132,314,184,337,truk
6901,270-cka-127.jpg,360,640,290,129,319,146,mobil
6372,0-ckb-87.jpg,640,360,531,207,567,278,truk
910,180-ckb-71.jpg,640,360,51,133,71,168,mobil
858,180-ckb-64.jpg,640,360,264,251,285,281,mobil
1679,90-normal-60.jpg,720,1280,231,1029,312,1059,truk
7175,270-cka-50.jpg,360,640,196,343,235,364,truk
1017,90-ckb-138.jpg,360,640,209,400,237,419,mobil
5075,180-normal-189.jpg,1280,720,220,436,245,475,mobil
5273,0-cka-53.jpg,640,360,318,38,332,63,mobil
5157,0-cka-7.jpg,640,360,375,217,490,264,truk
396,180-cka-62.jpg,640,360,280,198,306,244,truk
7529,90-cka-137.jpg,360,640,258,307,284,319,motor
6966,270-cka-147.jpg,360,640,62,188,97,208,mobil
1976,0-normal-1.jpg,1280,720,1175,243,1210,291,truk
821,180-ckb-57.jpg,640,360,327,174,338,192,motor
1451,90-normal-22.jpg,720,1280,135,1132,167,1164,mobil
1712,90-normal-63.jpg,720,1280,550,937,564,969,mobil
4233,270-normal-141.jpg,720,1280,433,148,465,170,mobil
2867,0-normal-71.jpg,1280,720,1199,2,1212,16,motor
6530,270-ckb-189.jpg,360,640,240,144,269,166,mobil
7409,270-cka-86.jpg,360,640,180,82,246,111,mobil
248,180-cka-20.jpg,640,360,174,48,194,81,mobil
2593,0-normal-62.jpg,1280,720,928,74,957,89,mobil
203,180-cka-184.jpg,640,360,336,252,358,278,mobil
7475,90-cka-121.jpg,360,640,188,542,210,560,mobil
6541,270-ckb-192.jpg,360,640,52,156,100,179,truk
131,180-cka-15.jpg,640,360,173,247,190,265,motor
6935,270-cka-137.jpg,360,640,277,241,295,255,motor
7969,90-cka-80.jpg,360,640,312,616,360,640,truk
1079,90-ckb-177.jpg,360,640,252,469,282,489,mobil
5570,0-cka-117.jpg,640,360,590,190,612,221,mobil
1377,90-ckb-80.jpg,360,640,207,624,234,640,mobil
3611,270-normal-23.jpg,720,1280,550,108,615,142,truk
4146,270-normal-123.jpg,720,1280,187,99,220,121,mobil
1419,90-normal-17.jpg,720,1280,621,1082,653,1107,mobil
6005,0-ckb-18.jpg,640,360,457,115,476,134,motor
6684,270-ckb-58.jpg,360,640,167,316,182,330,motor
161,180-cka-160.jpg,640,360,5,208,23,232,mobil
7476,90-cka-121.jpg,360,640,155,554,171,569,mobil
1204,90-ckb-43.jpg,360,640,274,359,328,387,truk
4254,270-normal-144.jpg,720,1280,669,112,711,140,mobil
2768,0-normal-68.jpg,1280,720,1156,266,1166,283,motor
7467,90-cka-119.jpg,360,640,52,617,99,640,truk
1168,90-ckb-22.jpg,360,640,99,493,137,516,mobil
2627,0-normal-63.jpg,1280,720,990,191,1014,235,truk
2806,0-normal-69.jpg,1280,720,1085,612,1118,632,mobil
2418,0-normal-55.jpg,1280,720,981,99,1003,159,truk
4220,270-normal-139.jpg,720,1280,520,232,550,245,mobil
557,180-ckb-126.jpg,640,360,50,269,80,290,mobil
4320,270-normal-160.jpg,720,1280,73,46,115,78,mobil
7888,90-cka-69.jpg,360,640,255,522,281,539,mobil
3186,0-normal-115.jpg,1280,720,1236,204,1257,243,mobil
4967,180-normal-147.jpg,1280,720,189,630,209,655,mobil
2435,0-normal-56.jpg,1280,720,972,411,990,443,mobil
48,180-cka-120.jpg,640,360,53,169,75,195,mobil
4928,180-normal-142.jpg,1280,720,182,395,206,429,mobil
2980,0-normal-76.jpg,1280,720,1209,200,1232,229,mobil
1626,90-normal-55.jpg,720,1280,504,938,543,959,mobil
5733,0-cka-177.jpg,640,360,288,176,301,190,motor
4625,90-normal-151.jpg,720,1280,648,1100,685,1127,mobil
3909,270-normal-69.jpg,720,1280,612,91,665,119,truk
6747,270-ckb-68.jpg,360,640,236,102,250,116,motor
370,180-cka-57.jpg,640,360,269,298,290,331,mobil
1555,90-normal-45.jpg,720,1280,638,891,677,920,truk
4975,180-normal-150.jpg,1280,720,114,185,137,218,mobil
7035,270-cka-18.jpg,360,640,37,173,66,191,mobil
4192,270-normal-133.jpg,720,1280,452,163,482,179,mobil
4939,180-normal-143.jpg,1280,720,155,528,176,565,truk
7182,270-cka-51.jpg,360,640,1,328,41,348,truk
7727,90-cka-42.jpg,360,640,13,340,64,366,truk
4755,90-normal-196.jpg,720,1280,285,1027,319,1054,mobil
4875,180-normal-131.jpg,1280,720,148,295,174,328,mobil
5489,0-cka-77.jpg,640,360,541,300,577,318,mobil
7715,90-cka-39.jpg,360,640,237,306,257,324,motor
5203,0-cka-28.jpg,640,360,468,117,490,152,mobil
850,180-ckb-62.jpg,640,360,264,240,286,275,mobil
1830,90-normal-72.jpg,720,1280,698,1196,715,1211,motor
1848,90-normal-73.jpg,720,1280,606,1150,628,1186,mobil
2489,0-normal-58.jpg,1280,720,987,501,999,517,motor
3008,0-normal-78.jpg,1280,720,1223,434,1256,450,mobil
7435,90-cka-6.jpg,360,640,1,591,46,640,truk
4158,270-normal-126.jpg,720,1280,507,3,545,19,mobil
2743,0-normal-67.jpg,1280,720,1140,323,1152,340,motor
1831,90-normal-72.jpg,720,1280,528,1207,564,1232,mobil
2308,0-normal-46.jpg,1280,720,976,479,999,512,mobil
3745,270-normal-55.jpg,720,1280,267,319,299,341,mobil
523,180-cka-85.jpg,640,360,93,185,130,243,truk
530,180-cka-87.jpg,640,360,114,271,134,297,mobil
1406,90-normal-14.jpg,720,1280,153,1172,224,1220,truk
3098,0-normal-85.jpg,1280,720,1151,501,1192,525,truk
5122,180-normal-196.jpg,1280,720,191,277,220,331,mobil
4147,270-normal-123.jpg,720,1280,97,112,137,131,mobil
2199,0-normal-30.jpg,1280,720,1128,275,1154,310,mobil
2365,0-normal-52.jpg,1280,720,933,15,955,59,truk
7975,90-cka-82.jpg,360,640,270,546,329,571,truk
7577,90-cka-157.jpg,360,640,233,527,254,546,mobil
919,180-ckb-72.jpg,640,360,71,5,99,53,truk
3366,0-normal-151.jpg,1280,720,1125,135,1139,178,mobil
7148,270-cka-42.jpg,360,640,220,293,251,315,mobil
4469,90-normal-118.jpg,720,1280,431,1241,458,1256,mobil
6443,270-ckb-143.jpg,360,640,321,102,350,123,mobil
4943,180-normal-144.jpg,1280,720,132,375,157,423,truk
5102,180-normal-192.jpg,1280,720,219,403,242,443,mobil
5428,0-cka-72.jpg,640,360,487,83,527,104,mobil
1274,90-ckb-62.jpg,360,640,57,366,101,386,truk
4386,270-normal-189.jpg,720,1280,60,300,114,320,mobil
6084,0-ckb-31.jpg,640,360,469,169,486,188,motor
7401,270-cka-84.jpg,360,640,315,59,360,93,truk
3293,0-normal-138.jpg,1280,720,1059,451,1075,471,motor
4812,180-normal-118.jpg,1280,720,6,363,29,397,mobil
7139,270-cka-40.jpg,360,640,180,334,201,353,mobil
2490,0-normal-58.jpg,1280,720,979,625,1000,659,mobil
561,180-ckb-127.jpg,640,360,97,321,119,350,mobil
5972,0-ckb-163.jpg,640,360,590,124,613,154,mobil
7772,90-cka-54.jpg,360,640,250,288,300,315,truk
5025,180-normal-175.jpg,1280,720,115,437,147,476,mobil
2351,0-normal-51.jpg,1280,720,950,425,965,444,motor
294,180-cka-41.jpg,640,360,283,116,307,160,truk
2503,0-normal-58.jpg,1280,720,979,625,1000,659,mobil
4304,270-normal-153.jpg,720,1280,207,120,232,137,motor
6493,270-ckb-177.jpg,360,640,222,51,256,70,mobil
4672,90-normal-177.jpg,720,1280,150,1165,194,1186,mobil
4240,270-normal-142.jpg,720,1280,554,140,591,154,mobil
3198,0-normal-118.jpg,1280,720,1200,115,1219,142,mobil
4674,90-normal-177.jpg,720,1280,173,1188,208,1213,mobil
4594,90-normal-144.jpg,720,1280,527,1100,573,1129,mobil
5534,0-cka-87.jpg,640,360,504,59,528,89,mobil
2960,0-normal-75.jpg,1280,720,1205,180,1221,209,mobil
6949,270-cka-142.jpg,360,640,24,204,47,223,mobil
1188,90-ckb-31.jpg,360,640,338,502,360,518,mobil
4246,270-normal-143.jpg,720,1280,683,96,720,116,mobil
7399,270-cka-83.jpg,360,640,24,101,50,118,mobil
5703,0-cka-157.jpg,640,360,530,105,552,136,mobil
7171,270-cka-49.jpg,360,640,80,347,106,365,mobil
711,180-ckb-197.jpg,640,360,199,254,223,285,mobil
1350,90-ckb-74.jpg,360,640,217,150,235,185,mobil
3654,270-normal-33.jpg,720,1280,411,130,433,150,motor
766,180-ckb-32.jpg,640,360,111,211,123,228,motor
2762,0-normal-68.jpg,1280,720,1131,666,1153,703,mobil
6867,270-cka-118.jpg,360,640,115,64,138,87,mobil
4926,180-normal-142.jpg,1280,720,178,534,215,620,truk
2479,0-normal-58.jpg,1280,720,959,57,976,85,mobil
7961,90-cka-77.jpg,360,640,310,619,335,636,truk
5813,0-ckb-113.jpg,640,360,568,20,585,46,mobil
3467,0-normal-188.jpg,1280,720,936,167,971,208,mobil
1132,90-ckb-196.jpg,360,640,300,392,322,405,mobil
3698,270-normal-47.jpg,720,1280,631,251,670,289,mobil
1944,90-normal-85.jpg,720,1280,294,1187,370,1226,truk
2878,0-normal-72.jpg,1280,720,1255,207,1269,223,motor
6651,270-ckb-47.jpg,360,640,241,351,262,387,mobil
645,180-ckb-17.jpg,640,360,89,86,126,149,truk
7611,90-cka-179.jpg,360,640,50,265,67,280,motor
1443,90-normal-20.jpg,720,1280,1,1127,54,1175,truk
5098,180-normal-192.jpg,1280,720,87,55,102,95,mobil
7244,270-cka-59.jpg,360,640,183,298,213,318,mobil
1948,90-normal-86.jpg,720,1280,471,1167,544,1198,truk
3291,0-normal-137.jpg,1280,720,939,82,962,110,motor
454,180-cka-72.jpg,640,360,133,279,166,298,mobil
1528,90-normal-41.jpg,720,1280,464,976,508,1002,truk
5796,0-ckb-2.jpg,640,360,533,242,568,291,truk
446,180-cka-71.jpg,640,360,74,231,91,255,mobil
2542,0-normal-60.jpg,1280,720,970,145,991,181,truk
5030,180-normal-176.jpg,1280,720,336,596,351,618,motor
1114,90-ckb-192.jpg,360,640,246,459,313,494,truk
1570,90-normal-47.jpg,720,1280,47,998,96,1029,mobil
5623,0-cka-131.jpg,640,360,420,272,438,301,mobil
6886,270-cka-123.jpg,360,640,303,58,336,82,mobil
2840,0-normal-70.jpg,1280,720,1196,149,1214,171,mobil
2649,0-normal-64.jpg,1280,720,1034,144,1046,160,motor
3679,270-normal-43.jpg,720,1280,402,252,457,285,truk
3419,0-normal-174.jpg,1280,720,1254,325,1280,362,mobil
2252,0-normal-41.jpg,1280,720,975,182,986,196,motor
2332,0-normal-49.jpg,1280,720,909,9,930,35,mobil
3050,0-normal-82.jpg,1280,720,1215,261,1241,325,truk
2903,0-normal-73.jpg,1280,720,1212,40,1225,51,motor
4184,270-normal-131.jpg,720,1280,451,127,487,150,mobil
4948,180-normal-144.jpg,1280,720,143,460,172,498,motor
1460,90-normal-24.jpg,720,1280,568,1096,609,1121,truk
2699,0-normal-66.jpg,1280,720,991,432,1027,448,mobil
2882,0-normal-72.jpg,1280,720,1246,548,1263,577,truk
205,180-cka-185.jpg,640,360,283,145,309,171,mobil
6366,0-ckb-86.jpg,640,360,512,64,533,93,mobil
673,180-ckb-186.jpg,640,360,209,167,221,184,motor
782,180-ckb-43.jpg,640,360,251,276,281,323,truk
3593,270-normal-20.jpg,720,1280,277,150,315,177,mobil
7977,90-cka-83.jpg,360,640,251,511,309,537,truk
4633,90-normal-153.jpg,720,1280,662,1067,693,1098,mobil
4752,90-normal-196.jpg,720,1280,498,974,565,1002,truk
6060,0-ckb-196.jpg,640,360,363,108,391,146,mobil
6257,0-ckb-69.jpg,640,360,503,208,514,227,motor
6938,270-cka-138.jpg,360,640,109,321,125,337,motor
6199,0-ckb-61.jpg,640,360,337,243,360,272,mobil
5989,0-ckb-175.jpg,640,360,291,43,306,64,motor
1308,90-ckb-67.jpg,360,640,250,405,270,437,mobil
5275,0-cka-53.jpg,640,360,337,1,357,40,truk
5724,0-cka-173.jpg,640,360,506,166,537,195,mobil
2077,0-normal-18.jpg,1280,720,1138,618,1174,682,truk
5048,180-normal-180.jpg,1280,720,366,617,398,671,mobil
7742,90-cka-48.jpg,360,640,263,272,296,297,mobil
7038,270-cka-180.jpg,360,640,63,367,102,405,mobil
7106,270-cka-26.jpg,360,640,179,164,214,180,mobil
2482,0-normal-58.jpg,1280,720,955,170,977,199,mobil
5230,0-cka-43.jpg,640,360,254,1,272,31,truk
1412,90-normal-16.jpg,720,1280,207,1162,283,1199,truk
952,180-ckb-80.jpg,640,360,39,175,75,189,mobil
3784,270-normal-58.jpg,720,1280,222,299,278,332,truk
3850,270-normal-64.jpg,720,1280,230,311,252,338,mobil
3264,0-normal-132.jpg,1280,720,1045,273,1068,307,mobil
18,180-cka-113.jpg,640,360,50,308,75,337,mobil
3285,0-normal-136.jpg,1280,720,1046,445,1071,487,mobil
2756,0-normal-68.jpg,1280,720,1167,86,1180,114,mobil
7970,90-cka-81.jpg,360,640,197,569,219,605,mobil
4882,180-normal-133.jpg,1280,720,224,404,244,430,mobil
4199,270-normal-134.jpg,720,1280,260,228,291,248,mobil
6207,0-ckb-62.jpg,640,360,348,298,371,329,mobil
7846,90-cka-64.jpg,360,640,203,395,219,409,motor
7537,90-cka-141.jpg,360,640,87,426,113,446,mobil
4463,90-normal-117.jpg,720,1280,648,1171,668,1192,mobil
5899,0-ckb-138.jpg,640,360,345,238,368,270,mobil
4433,270-normal-200.jpg,720,1280,662,128,704,149,mobil
6203,0-ckb-62.jpg,640,360,270,119,308,141,mobil
7786,90-cka-55.jpg,360,640,28,319,65,346,mobil
7118,270-cka-30.jpg,360,640,267,131,301,148,mobil
6377,0-ckb-88.jpg,640,360,537,230,571,301,truk
6156,0-ckb-56.jpg,640,360,301,17,323,57,truk
6137,0-ckb-53.jpg,640,360,294,202,315,231,mobil
1983,0-normal-2.jpg,1280,720,1172,243,1208,291,truk
2985,0-normal-76.jpg,1280,720,834,661,869,683,mobil
4602,90-normal-145.jpg,720,1280,269,1102,310,1123,mobil
2426,0-normal-56.jpg,1280,720,942,23,962,58,truk
6233,0-ckb-66.jpg,640,360,430,31,446,52,motor
6339,0-ckb-78.jpg,640,360,552,339,589,355,mobil
7094,270-cka-23.jpg,360,640,51,179,114,205,truk
5362,0-cka-64.jpg,640,360,353,320,370,354,mobil
401,180-cka-63.jpg,640,360,255,22,278,59,truk
5795,0-ckb-2.jpg,640,360,557,220,570,235,motor
1178,90-ckb-27.jpg,360,640,268,504,284,519,motor
6295,0-ckb-74.jpg,640,360,545,80,573,112,mobil
3708,270-normal-49.jpg,720,1280,8,350,37,368,mobil
5398,0-cka-69.jpg,640,360,523,80,542,105,mobil
1538,90-normal-43.jpg,720,1280,298,942,328,968,mobil
7514,90-cka-132.jpg,360,640,54,435,86,456,mobil
6887,270-cka-123.jpg,360,640,223,80,250,108,mobil
6580,270-ckb-20.jpg,360,640,190,101,276,139,truk
6240,0-ckb-67.jpg,640,360,481,131,495,157,motor
3001,0-normal-77.jpg,1280,720,1186,487,1229,507,mobil
7020,270-cka-173.jpg,360,640,163,108,199,140,mobil
5943,0-ckb-152.jpg,640,360,458,124,476,149,mobil
105,180-cka-141.jpg,640,360,198,83,221,108,mobil
6312,0-ckb-75.jpg,640,360,517,171,551,191,mobil
813,180-ckb-56.jpg,640,360,280,196,306,244,truk
3613,270-normal-24.jpg,720,1280,99,154,160,186,truk
1756,90-normal-67.jpg,720,1280,659,1134,694,1155,mobil
6167,0-ckb-57.jpg,640,360,321,130,337,158,mobil
7866,90-cka-67.jpg,360,640,255,486,282,508,mobil
6767,270-ckb-71.jpg,360,640,323,77,360,97,truk
6223,0-ckb-64.jpg,640,360,352,318,376,353,mobil
4788,180-normal-110.jpg,1280,720,1,516,11,536,mobil
625,180-ckb-147.jpg,640,360,112,86,131,127,mobil
671,180-ckb-185.jpg,640,360,124,64,157,104,mobil
4337,270-normal-175.jpg,720,1280,245,116,281,148,mobil
3231,0-normal-125.jpg,1280,720,1182,328,1202,367,mobil
5139,180-normal-205.jpg,1280,720,198,119,235,168,mobil
7892,90-cka-70.jpg,360,640,209,484,229,518,mobil
6101,0-ckb-43.jpg,640,360,253,1,272,22,truk
6027,0-ckb-187.jpg,640,360,275,108,299,149,mobil
181,180-cka-176.jpg,640,360,127,5,149,27,mobil
1195,90-ckb-33.jpg,360,640,53,528,91,546,mobil
6838,270-cka-7.jpg,360,640,320,6,360,46,truk
4918,180-normal-140.jpg,1280,720,162,161,188,196,mobil
4803,180-normal-115.jpg,1280,720,1,396,23,427,mobil
5562,0-cka-115.jpg,640,360,597,208,615,235,mobil
1804,90-normal-7.jpg,720,1280,333,1226,401,1272,truk
3958,270-normal-72.jpg,720,1280,195,33,226,54,mobil
5267,0-cka-53.jpg,640,360,304,347,313,360,motor
7553,90-cka-145.jpg,360,640,36,473,77,497,mobil
1067,90-ckb-153.jpg,360,640,313,519,340,542,mobil
4694,90-normal-186.jpg,720,1280,345,1029,389,1056,mobil
7872,90-cka-68.jpg,360,640,145,476,175,492,mobil
1989,0-normal-2.jpg,1280,720,1251,544,1277,587,mobil
7187,270-cka-52.jpg,360,640,85,331,114,348,mobil
6508,270-ckb-180.jpg,360,640,264,119,285,137,mobil
4589,90-normal-143.jpg,720,1280,77,1145,103,1175,mobil
371,180-cka-57.jpg,640,360,298,307,316,339,mobil
6265,0-ckb-70.jpg,640,360,556,147,572,170,mobil
3527,0-normal-197.jpg,1280,720,1032,251,1063,290,mobil
6727,270-ckb-65.jpg,360,640,47,318,84,355,mobil
6183,0-ckb-59.jpg,640,360,319,235,345,289,truk
4436,270-normal-202.jpg,720,1280,510,191,564,225,truk
6604,270-ckb-23.jpg,360,640,311,92,355,121,mobil
1253,90-ckb-58.jpg,360,640,301,311,331,327,mobil
6073,0-ckb-27.jpg,640,360,465,66,484,98,mobil
2544,0-normal-60.jpg,1280,720,970,276,995,325,truk
6986,270-cka-154.jpg,360,640,122,129,150,150,mobil
5477,0-cka-76.jpg,640,360,567,197,589,229,mobil
3099,0-normal-85.jpg,1280,720,1144,32,1162,56,mobil
77,180-cka-129.jpg,640,360,179,59,198,78,mobil
3460,0-normal-186.jpg,1280,720,921,101,951,147,mobil
3448,0-normal-182.jpg,1280,720,1144,625,1178,667,mobil
6026,0-ckb-187.jpg,640,360,248,75,265,93,motor
3380,0-normal-153.jpg,1280,720,1153,147,1184,205,truk
6212,0-ckb-63.jpg,640,360,278,249,313,277,mobil
5156,0-cka-6.jpg,640,360,595,318,637,360,truk
3882,270-normal-67.jpg,720,1280,370,155,425,181,truk
2391,0-normal-54.jpg,1280,720,953,187,973,218,mobil
4045,270-normal-80.jpg,720,1280,1,1,53,23,mobil
5261,0-cka-52.jpg,640,360,292,86,307,112,mobil
2830,0-normal-70.jpg,1280,720,1187,394,1205,429,mobil
3521,0-normal-196.jpg,1280,720,1053,390,1085,443,truk
3586,270-normal-19.jpg,720,1280,433,120,520,163,truk
5627,0-cka-132.jpg,640,360,322,26,336,48,motor
7063,270-cka-189.jpg,360,640,50,291,107,321,truk
641,180-ckb-154.jpg,640,360,60,113,72,138,motor
2451,0-normal-57.jpg,1280,720,995,45,1012,70,mobil
4179,270-normal-130.jpg,720,1280,574,38,612,63,mobil
6021,0-ckb-185.jpg,640,360,238,13,255,29,motor
1235,90-ckb-56.jpg,360,640,195,333,251,357,truk
1484,90-normal-28.jpg,720,1280,564,1104,600,1135,mobil
7259,270-cka-61.jpg,360,640,6,341,25,374,mobil
7724,90-cka-41.jpg,360,640,194,290,213,306,motor
923,180-ckb-72.jpg,640,360,85,181,104,212,mobil
6488,270-ckb-17.jpg,360,640,237,44,318,97,truk
135,180-cka-151.jpg,640,360,140,199,158,230,mobil
6063,0-ckb-20.jpg,640,360,444,277,464,314,mobil
4374,270-normal-187.jpg,720,1280,590,136,628,165,mobil
6090,0-ckb-38.jpg,640,360,390,187,403,206,motor
2137,0-normal-23.jpg,1280,720,1163,694,1186,720,mobil
1238,90-ckb-56.jpg,360,640,349,332,360,350,mobil
5872,0-ckb-130.jpg,640,360,339,20,352,49,motor
6883,270-cka-122.jpg,360,640,285,48,310,67,mobil
1637,90-normal-56.jpg,720,1280,533,941,586,968,truk
1365,90-ckb-79.jpg,360,640,12,458,26,475,motor
3827,270-normal-62.jpg,720,1280,372,259,429,298,truk
7990,90-cka-86.jpg,360,640,26,551,59,573,mobil
4493,90-normal-123.jpg,720,1280,310,1227,348,1252,mobil
7530,90-cka-137.jpg,360,640,62,377,87,400,motor
5119,180-normal-195.jpg,1280,720,199,304,222,345,mobil
3571,270-normal-16.jpg,720,1280,255,137,277,151,motor
3517,0-normal-195.jpg,1280,720,1104,571,1134,612,mobil
3568,270-normal-16.jpg,720,1280,438,71,517,119,truk
6620,270-ckb-31.jpg,360,640,1,118,25,143,mobil
4039,270-normal-79.jpg,720,1280,1,1,21,27,mobil
1846,90-normal-73.jpg,720,1280,693,1171,720,1200,mobil
5082,180-normal-190.jpg,1280,720,247,483,276,516,mobil
4313,270-normal-156.jpg,720,1280,36,128,62,148,mobil
2206,0-normal-31.jpg,1280,720,1141,352,1159,388,mobil
1349,90-ckb-73.jpg,360,640,316,158,337,191,mobil
2794,0-normal-69.jpg,1280,720,1097,43,1126,60,mobil
169,180-cka-169.jpg,640,360,19,54,41,79,mobil
5614,0-cka-128.jpg,640,360,494,290,518,320,mobil
5369,0-cka-65.jpg,640,360,359,289,382,333,truk
3856,270-normal-65.jpg,720,1280,486,243,521,273,mobil
1474,90-normal-27.jpg,720,1280,189,1126,246,1160,truk
5059,180-normal-185.jpg,1280,720,121,49,153,98,mobil
6531,270-ckb-189.jpg,360,640,190,180,213,196,motor
806,180-ckb-54.jpg,640,360,322,336,335,350,motor
2984,0-normal-76.jpg,1280,720,1217,570,1258,589,mobil
2384,0-normal-53.jpg,1280,720,935,119,952,146,mobil
3223,0-normal-123.jpg,1280,720,1224,376,1252,410,mobil
2493,0-normal-58.jpg,1280,720,961,103,979,140,truk
2795,0-normal-69.jpg,1280,720,1166,82,1182,105,mobil
1900,90-normal-78.jpg,720,1280,399,1234,433,1268,mobil
4393,270-normal-190.jpg,720,1280,357,158,403,182,mobil
7914,90-cka-73.jpg,360,640,6,514,29,552,mobil
6761,270-ckb-70.jpg,360,640,195,102,248,137,truk
4383,270-normal-189.jpg,720,1280,248,223,281,244,mobil
7190,270-cka-52.jpg,360,640,10,327,56,353,truk
4927,180-normal-142.jpg,1280,720,195,649,226,680,mobil
5847,0-ckb-122.jpg,640,360,487,1,495,14,mobil
4955,180-normal-145.jpg,1280,720,154,463,179,507,mobil
4957,180-normal-146.jpg,1280,720,188,646,215,676,mobil
4037,270-normal-79.jpg,720,1280,367,1,400,19,mobil
860,180-ckb-64.jpg,640,360,278,1,303,30,truk
2517,0-normal-59.jpg,1280,720,962,70,980,95,mobil
5811,0-ckb-113.jpg,640,360,602,199,624,225,mobil
5001,180-normal-155.jpg,1280,720,131,666,154,693,mobil
2592,0-normal-62.jpg,1280,720,919,134,950,150,mobil
7170,270-cka-49.jpg,360,640,161,345,198,375,truk
4580,90-normal-142.jpg,720,1280,654,1061,682,1082,mobil
5176,0-cka-19.jpg,640,360,446,160,463,189,mobil
6998,270-cka-159.jpg,360,640,126,61,153,82,mobil
58,180-cka-123.jpg,640,360,97,145,125,173,mobil
3833,270-normal-62.jpg,720,1280,69,326,93,350,mobil
297,180-cka-42.jpg,640,360,271,12,301,63,truk
4329,270-normal-169.jpg,720,1280,94,183,125,207,mobil
2290,0-normal-44.jpg,1280,720,993,430,1017,464,mobil
2630,0-normal-63.jpg,1280,720,1003,302,1022,342,truk
6484,270-ckb-155.jpg,360,640,223,6,293,29,truk
7220,270-cka-56.jpg,360,640,206,316,241,336,mobil
5140,180-normal-206.jpg,1280,720,187,106,237,168,mobil
7404,270-cka-84.jpg,360,640,29,110,52,132,mobil
7922,90-cka-73.jpg,360,640,338,532,360,556,mobil
1328,90-ckb-70.jpg,360,640,185,538,204,552,motor
6325,0-ckb-76.jpg,640,360,617,291,640,332,truk
2943,0-normal-75.jpg,1280,720,1005,392,1021,405,motor
217,180-cka-189.jpg,640,360,255,162,275,197,mobil
3606,270-normal-22.jpg,720,1280,547,117,586,148,mobil
3238,0-normal-126.jpg,1280,720,1251,498,1280,546,mobil
817,180-ckb-56.jpg,640,360,308,294,330,343,truk
5783,0-cka-193.jpg,640,360,402,298,424,330,mobil
4505,90-normal-126.jpg,720,1280,460,1125,496,1145,mobil
6716,270-ckb-63.jpg,360,640,77,257,136,297,truk
1672,90-normal-59.jpg,720,1280,456,994,487,1013,mobil
7771,90-cka-54.jpg,360,640,324,287,354,312,mobil
1811,90-normal-70.jpg,720,1280,333,1212,346,1226,motor
1136,90-ckb-197.jpg,360,640,57,467,93,488,mobil
2381,0-normal-53.jpg,1280,720,934,287,957,327,truk
1457,90-normal-23.jpg,720,1280,589,1077,663,1104,truk
5434,0-cka-72.jpg,640,360,154,303,188,328,mobil
2066,0-normal-17.jpg,1280,720,1082,67,1108,99,mobil
2588,0-normal-62.jpg,1280,720,995,235,1017,271,truk
4719,90-normal-191.jpg,720,1280,443,1020,475,1045,truk
6387,270-ckb-7.jpg,360,640,1,4,19,36,truk
3126,0-normal-87.jpg,1280,720,1203,550,1216,567,motor
1240,90-ckb-57.jpg,360,640,129,316,169,339,mobil
2146,0-normal-24.jpg,1280,720,1099,108,1119,154,truk
4883,180-normal-133.jpg,1280,720,199,418,220,439,mobil
7668,90-cka-197.jpg,360,640,86,392,109,412,mobil
2341,0-normal-50.jpg,1280,720,921,122,939,144,mobil
5768,0-cka-189.jpg,640,360,335,42,358,79,truk
495,180-cka-77.jpg,640,360,1,176,27,239,truk
5682,0-cka-150.jpg,640,360,464,33,484,63,mobil
3029,0-normal-79.jpg,1280,720,1203,53,1233,68,mobil
3026,0-normal-79.jpg,1280,720,1210,576,1249,599,mobil
3754,270-normal-56.jpg,720,1280,408,285,444,307,mobil
6256,0-ckb-69.jpg,640,360,535,169,553,198,mobil
7037,270-cka-18.jpg,360,640,1,193,27,211,mobil
445,180-cka-70.jpg,640,360,124,209,155,228,mobil
245,180-cka-194.jpg,640,360,207,1,224,33,mobil
2665,0-normal-65.jpg,1280,720,1000,294,1024,337,truk
3972,270-normal-73.jpg,720,1280,86,91,113,125,mobil
7344,270-cka-74.jpg,360,640,101,42,114,55,motor
6945,270-cka-141.jpg,360,640,179,225,192,244,motor
4613,90-normal-147.jpg,720,1280,183,1144,229,1162,mobil
4003,270-normal-75.jpg,720,1280,129,39,147,52,motor
2570,0-normal-61.jpg,1280,720,961,70,984,109,truk
2703,0-normal-66.jpg,1280,720,1080,590,1112,652,truk
6812,270-ckb-81.jpg,360,640,197,1,217,34,mobil
5455,0-cka-74.jpg,640,360,523,183,559,205,mobil
6625,270-ckb-33.jpg,360,640,137,87,177,120,mobil
1520,90-normal-39.jpg,720,1280,582,932,606,946,mobil
1125,90-ckb-194.jpg,360,640,109,533,180,551,truk
663,180-ckb-180.jpg,640,360,133,34,158,63,mobil
537,180-cka-88.jpg,640,360,120,280,144,307,mobil
6811,270-ckb-81.jpg,360,640,180,1,195,43,mobil
4985,180-normal-152.jpg,1280,720,115,423,145,467,mobil
3525,0-normal-197.jpg,1280,720,1101,625,1128,661,mobil
1990,0-normal-3.jpg,1280,720,1224,274,1265,326,truk
5510,0-cka-82.jpg,640,360,580,330,597,347,motor
5029,180-normal-176.jpg,1280,720,3,203,20,254,mobil
4309,270-normal-154.jpg,720,1280,21,170,49,194,mobil
3280,0-normal-135.jpg,1280,720,969,30,984,53,motor
719,180-ckb-199.jpg,640,360,194,211,215,248,mobil
1605,90-normal-53.jpg,720,1280,589,954,624,977,mobil
2328,0-normal-48.jpg,1280,720,892,703,928,720,mobil
150,180-cka-156.jpg,640,360,124,295,147,320,mobil
7519,90-cka-134.jpg,360,640,40,380,70,403,mobil
3651,270-normal-32.jpg,720,1280,1,216,25,252,mobil
3938,270-normal-71.jpg,720,1280,689,76,720,100,mobil
7224,270-cka-56.jpg,360,640,146,271,209,292,truk
2525,0-normal-59.jpg,1280,720,909,459,951,478,mobil
3351,0-normal-147.jpg,1280,720,1117,471,1139,502,mobil
6856,270-cka-115.jpg,360,640,88,46,117,68,mobil
6293,0-ckb-74.jpg,640,360,585,25,609,83,mobil
5912,0-ckb-142.jpg,640,360,415,24,438,59,mobil
2646,0-normal-64.jpg,1280,720,990,508,1020,565,truk
462,180-cka-73.jpg,640,360,85,310,102,337,mobil
7690,90-cka-27.jpg,360,640,13,471,47,501,mobil
6766,270-ckb-70.jpg,360,640,24,53,55,72,truk
6539,270-ckb-192.jpg,360,640,206,141,237,164,mobil
3765,270-normal-57.jpg,720,1280,441,304,489,338,truk
1410,90-normal-15.jpg,720,1280,594,1088,621,1110,motor
5218,0-cka-41.jpg,640,360,232,309,271,332,mobil
2910,0-normal-73.jpg,1280,720,1265,641,1280,672,truk
5717,0-cka-167.jpg,640,360,447,14,475,40,mobil
3904,270-normal-68.jpg,720,1280,195,142,224,161,mobil
877,180-ckb-67.jpg,640,360,131,254,143,268,motor
2187,0-normal-28.jpg,1280,720,1166,607,1195,667,truk
288,180-cka-38.jpg,640,360,238,154,253,174,motor
4360,270-normal-181.jpg,720,1280,43,349,91,381,mobil
5096,180-normal-192.jpg,1280,720,186,362,206,388,mobil
4585,90-normal-143.jpg,720,1280,356,1103,382,1120,mobil
4605,90-normal-145.jpg,720,1280,41,1142,137,1177,truk
3841,270-normal-63.jpg,720,1280,169,306,187,332,mobil
4932,180-normal-142.jpg,1280,720,144,309,166,333,motor
6723,270-ckb-65.jpg,360,640,185,241,257,273,truk
2358,0-normal-51.jpg,1280,720,930,1,952,43,truk
2548,0-normal-60.jpg,1280,720,979,443,1001,470,mobil
1380,90-ckb-82.jpg,360,640,79,596,114,624,mobil
428,180-cka-67.jpg,640,360,119,223,132,236,motor
1154,90-ckb-201.jpg,360,640,1,492,31,508,mobil
3110,0-normal-86.jpg,1280,720,1195,506,1208,524,motor
2629,0-normal-63.jpg,1280,720,993,259,1011,290,mobil
5727,0-cka-174.jpg,640,360,312,21,325,37,motor
4953,180-normal-145.jpg,1280,720,155,274,177,308,mobil
1370,90-ckb-79.jpg,360,640,300,571,317,602,mobil
3184,0-normal-115.jpg,1280,720,1194,49,1214,74,mobil
6091,0-ckb-39.jpg,640,360,407,315,425,331,motor
1853,90-normal-73.jpg,720,1280,79,1190,122,1216,mobil
6099,0-ckb-43.jpg,640,360,338,308,360,337,mobil
5112,180-normal-194.jpg,1280,720,133,179,167,222,mobil
7443,90-cka-113.jpg,360,640,315,567,343,583,mobil
650,180-ckb-177.jpg,640,360,89,168,110,191,mobil
5395,0-cka-68.jpg,640,360,136,35,167,57,mobil
6544,270-ckb-193.jpg,360,640,199,115,254,143,truk
7384,270-cka-78.jpg,360,640,325,52,341,89,mobil
7744,90-cka-49.jpg,360,640,251,268,286,295,mobil
232,180-cka-191.jpg,640,360,204,39,232,90,truk
2670,0-normal-65.jpg,1280,720,929,418,961,442,mobil
7998,90-cka-88.jpg,360,640,260,535,278,552,motor
6759,270-ckb-69.jpg,360,640,1,95,18,106,motor
701,180-ckb-195.jpg,640,360,105,27,129,74,mobil
233,180-cka-191.jpg,640,360,236,84,253,118,truk
3995,270-normal-75.jpg,720,1280,291,99,312,131,mobil
3807,270-normal-60.jpg,720,1280,139,286,187,313,truk
348,180-cka-54.jpg,640,360,329,324,350,351,mobil
4353,270-normal-179.jpg,720,1280,623,196,652,223,mobil
1269,90-ckb-61.jpg,360,640,217,356,250,375,mobil
6780,270-ckb-72.jpg,360,640,183,18,213,41,mobil
1020,90-ckb-139.jpg,360,640,173,392,203,410,mobil
1727,90-normal-64.jpg,720,1280,242,991,280,1020,mobil
2619,0-normal-63.jpg,1280,720,989,440,1018,503,truk
7272,270-cka-64.jpg,360,640,322,267,353,288,mobil
7596,90-cka-17.jpg,360,640,270,440,306,471,mobil
7242,270-cka-59.jpg,360,640,219,269,251,290,mobil
182,180-cka-176.jpg,640,360,336,242,350,259,motor
1661,90-normal-58.jpg,720,1280,298,951,335,971,mobil
4689,90-normal-183.jpg,720,1280,612,920,658,962,truk
3658,270-normal-34.jpg,720,1280,570,112,593,135,mobil
7897,90-cka-71.jpg,360,640,114,151,132,181,mobil
4981,180-normal-151.jpg,1280,720,111,175,131,211,mobil
2122,0-normal-21.jpg,1280,720,1108,443,1133,475,mobil
606,180-ckb-143.jpg,640,360,112,72,132,106,mobil
3162,0-normal-89.jpg,1280,720,1207,199,1219,213,motor
339,180-cka-53.jpg,640,360,324,272,348,322,truk
341,180-cka-54.jpg,640,360,321,7,348,51,truk
2913,0-normal-73.jpg,1280,720,1125,128,1160,145,mobil
3994,270-normal-75.jpg,720,1280,319,79,340,124,mobil
5458,0-cka-74.jpg,640,360,510,92,544,109,mobil
7630,90-cka-185.jpg,360,640,148,337,184,367,mobil
5580,0-cka-119.jpg,640,360,568,146,589,175,mobil
6699,270-ckb-60.jpg,360,640,1,284,28,302,mobil
4618,90-normal-149.jpg,720,1280,183,1133,237,1160,mobil
3017,0-normal-78.jpg,1280,720,1249,345,1269,377,mobil
3228,0-normal-124.jpg,1280,720,1222,378,1247,418,mobil
3138,0-normal-88.jpg,1280,720,1191,144,1205,159,motor
4108,270-normal-115.jpg,720,1280,49,63,78,86,mobil
4578,90-normal-141.jpg,720,1280,683,1028,720,1039,truk
1344,90-ckb-72.jpg,360,640,183,533,215,560,mobil
7784,90-cka-55.jpg,360,640,148,296,182,322,mobil
2694,0-normal-66.jpg,1280,720,1054,318,1078,366,truk
5461,0-cka-74.jpg,640,360,585,27,612,84,truk
2207,0-normal-31.jpg,1280,720,1111,177,1123,194,motor
4727,90-normal-192.jpg,720,1280,362,1073,389,1094,truk
1145,90-ckb-199.jpg,360,640,141,471,177,501,mobil
2504,0-normal-59.jpg,1280,720,960,12,980,48,truk
2372,0-normal-52.jpg,1280,720,933,15,955,59,truk
6523,270-ckb-187.jpg,360,640,77,231,100,255,motor
4826,180-normal-121.jpg,1280,720,23,338,38,373,mobil
1966,90-normal-89.jpg,720,1280,368,1187,433,1224,truk
223,180-cka-19.jpg,640,360,177,173,194,202,mobil
750,180-ckb-26.jpg,640,360,113,166,149,250,truk
4358,270-normal-180.jpg,720,1280,599,112,644,138,mobil
3730,270-normal-53.jpg,720,1280,39,306,72,324,mobil
6744,270-ckb-68.jpg,360,640,205,121,251,143,truk
3007,0-normal-78.jpg,1280,720,1249,345,1269,377,mobil
319,180-cka-50.jpg,640,360,340,216,361,244,mobil
7274,270-cka-64.jpg,360,640,246,303,263,332,mobil
5333,0-cka-60.jpg,640,360,362,343,380,360,mobil
4303,270-normal-153.jpg,720,1280,28,195,60,213,mobil
656,180-ckb-178.jpg,640,360,124,1,137,30,mobil
6713,270-ckb-62.jpg,360,640,3,256,59,295,truk
2787,0-normal-68.jpg,1280,720,1156,266,1166,283,motor
6244,0-ckb-67.jpg,640,360,448,115,465,140,mobil
5541,0-cka-88.jpg,640,360,566,325,589,353,mobil
281,180-cka-31.jpg,640,360,148,1,171,35,mobil
2112,0-normal-20.jpg,1280,720,1135,564,1180,649,truk
4816,180-normal-118.jpg,1280,720,15,503,41,571,truk
2354,0-normal-51.jpg,1280,720,930,71,947,100,mobil
2565,0-normal-61.jpg,1280,720,1006,559,1031,604,truk
3253,0-normal-129.jpg,1280,720,1167,432,1192,474,mobil
5081,180-normal-190.jpg,1280,720,111,129,153,169,mobil
5447,0-cka-73.jpg,640,360,569,1,595,21,mobil
3111,0-normal-86.jpg,1280,720,1126,450,1160,475,mobil
115,180-cka-144.jpg,640,360,148,124,163,145,motor
4888,180-normal-134.jpg,1280,720,198,301,231,341,mobil
3480,0-normal-190.jpg,1280,720,1066,282,1096,322,mobil
2875,0-normal-71.jpg,1280,720,1207,629,1221,650,motor
7584,90-cka-16.jpg,360,640,259,443,330,473,truk
2481,0-normal-58.jpg,1280,720,984,142,1001,171,mobil
3095,0-normal-85.jpg,1280,720,1191,354,1224,424,truk
3479,0-normal-190.jpg,1280,720,1100,364,1124,392,mobil
3043,0-normal-80.jpg,1280,720,1223,657,1265,683,mobil
5517,0-cka-83.jpg,640,360,547,276,587,343,truk
2791,0-normal-68.jpg,1280,720,1137,574,1158,621,mobil
282,180-cka-31.jpg,640,360,153,167,171,189,motor
7613,90-cka-18.jpg,360,640,14,472,91,507,truk
3268,0-normal-133.jpg,1280,720,1036,283,1057,319,mobil
4866,180-normal-129.jpg,1280,720,134,295,158,324,mobil
7870,90-cka-67.jpg,360,640,224,511,240,522,motor
5964,0-ckb-159.jpg,640,360,512,74,534,99,mobil
6338,0-ckb-78.jpg,640,360,551,322,587,340,mobil
3422,0-normal-176.jpg,1280,720,1127,333,1156,370,mobil
2772,0-normal-68.jpg,1280,720,1137,574,1158,621,mobil
5193,0-cka-25.jpg,640,360,463,161,477,178,motor
3876,270-normal-66.jpg,720,1280,51,221,86,245,mobil
3685,270-normal-44.jpg,720,1280,529,230,595,261,truk
4189,270-normal-132.jpg,720,1280,378,165,418,186,mobil
1899,90-normal-78.jpg,720,1280,532,1251,549,1267,motor
7116,270-cka-29.jpg,360,640,50,190,79,211,mobil
7547,90-cka-143.jpg,360,640,263,458,280,471,motor
2863,0-normal-71.jpg,1280,720,1207,629,1221,650,motor
2679,0-normal-65.jpg,1280,720,1037,242,1047,257,motor
3643,270-normal-30.jpg,720,1280,64,171,89,185,motor
3247,0-normal-128.jpg,1280,720,1143,293,1158,332,mobil
254,180-cka-23.jpg,640,360,168,285,181,300,motor
334,180-cka-53.jpg,640,360,326,128,346,157,mobil
7673,90-cka-23.jpg,360,640,246,431,313,460,truk
1964,90-normal-89.jpg,720,1280,112,1224,190,1256,truk
5211,0-cka-32.jpg,640,360,479,274,491,291,motor
3136,0-normal-88.jpg,1280,720,1140,53,1156,74,mobil
2995,0-normal-77.jpg,1280,720,1257,202,1270,215,motor
8005,90-cka-89.jpg,360,640,150,563,170,579,motor
3557,270-normal-10.jpg,720,1280,406,29,468,76,truk
2543,0-normal-60.jpg,1280,720,969,221,989,246,mobil
4700,90-normal-188.jpg,720,1280,553,965,583,982,mobil
3074,0-normal-83.jpg,1280,720,1186,277,1220,342,mobil
3439,0-normal-180.jpg,1280,720,973,298,988,327,motor
7850,90-cka-64.jpg,360,640,46,284,64,320,mobil
2553,0-normal-61.jpg,1280,720,915,14,941,27,mobil
6364,0-ckb-85.jpg,640,360,547,251,571,288,mobil
3125,0-normal-87.jpg,1280,720,1198,460,1229,532,truk
4324,270-normal-163.jpg,720,1280,128,28,160,53,mobil
1038,90-ckb-144.jpg,360,640,323,471,360,494,mobil
5208,0-cka-30.jpg,640,360,454,189,478,222,truk
6584,270-ckb-200.jpg,360,640,340,98,360,116,mobil
137,180-cka-152.jpg,640,360,164,213,175,233,mobil
2149,0-normal-25.jpg,1280,720,1083,71,1104,101,mobil
4951,180-normal-145.jpg,1280,720,138,12,160,51,mobil
7449,90-cka-114.jpg,360,640,34,618,59,639,mobil
2647,0-normal-64.jpg,1280,720,992,594,1011,633,mobil
3887,270-normal-67.jpg,720,1280,116,168,150,191,mobil
3623,270-normal-26.jpg,720,1280,186,158,224,181,mobil
5399,0-cka-69.jpg,640,360,537,170,553,200,mobil
6971,270-cka-15.jpg,360,640,267,112,339,148,truk
2710,0-normal-66.jpg,1280,720,1054,318,1078,366,truk
2274,0-normal-43.jpg,1280,720,980,315,1002,345,mobil
4543,90-normal-134.jpg,720,1280,239,1074,274,1104,mobil
2800,0-normal-69.jpg,1280,720,1135,251,1154,278,mobil
1439,90-normal-20.jpg,720,1280,409,1108,441,1128,mobil
3848,270-normal-64.jpg,720,1280,250,256,298,293,truk
1029,90-ckb-141.jpg,360,640,149,496,179,521,mobil
3967,270-normal-73.jpg,720,1280,560,55,580,72,motor
6333,0-ckb-77.jpg,640,360,541,299,576,320,mobil
1770,90-normal-67.jpg,720,1280,167,1116,217,1145,truk
2277,0-normal-43.jpg,1280,720,941,394,965,421,mobil
5747,0-cka-182.jpg,640,360,282,62,309,98,mobil
142,180-cka-153.jpg,640,360,112,70,134,105,mobil
5661,0-cka-143.jpg,640,360,460,84,472,104,motor
5323,0-cka-59.jpg,640,360,351,220,370,254,mobil
187,180-cka-179.jpg,640,360,425,246,457,291,mobil
3567,270-normal-16.jpg,720,1280,543,69,608,112,truk
6076,0-ckb-28.jpg,640,360,466,113,490,154,mobil
1859,90-normal-74.jpg,720,1280,586,1148,619,1189,mobil
5258,0-cka-52.jpg,640,360,300,317,309,332,motor
191,180-cka-18.jpg,640,360,157,153,184,187,mobil
5666,0-cka-144.jpg,640,360,479,296,500,330,mobil
3721,270-normal-52.jpg,720,1280,85,324,121,352,mobil
7263,270-cka-62.jpg,360,640,119,279,162,302,truk
6931,270-cka-136.jpg,360,640,135,277,155,296,motor
1813,90-normal-70.jpg,720,1280,109,1141,160,1177,truk
7819,90-cka-60.jpg,360,640,179,327,222,357,truk
7290,270-cka-66.jpg,360,640,220,182,238,196,motor
3440,0-normal-180.jpg,1280,720,879,57,911,95,mobil
2601,0-normal-62.jpg,1280,720,992,307,1012,337,mobil
772,180-ckb-34.jpg,640,360,116,146,129,159,motor
816,180-ckb-56.jpg,640,360,289,285,309,320,mobil
1181,90-ckb-28.jpg,360,640,139,511,161,527,motor
6550,270-ckb-194.jpg,360,640,221,113,254,135,mobil
2,180-cka-2.jpg,640,360,70,68,107,120,truk
3476,0-normal-189.jpg,1280,720,1037,249,1058,278,mobil
3022,0-normal-79.jpg,1280,720,1203,53,1233,68,mobil
3070,0-normal-83.jpg,1280,720,1156,22,1176,45,mobil
172,180-cka-17.jpg,640,360,172,267,197,304,mobil
662,180-ckb-18.jpg,640,360,136,295,156,323,mobil
5613,0-cka-128.jpg,640,360,474,300,495,329,mobil
6797,270-ckb-78.jpg,360,640,117,47,140,85,mobil
1654,90-normal-58.jpg,720,1280,634,956,665,977,mobil
7942,90-cka-75.jpg,360,640,247,592,299,616,truk
1298,90-ckb-66.jpg,360,640,284,416,321,433,mobil
3396,0-normal-157.jpg,1280,720,1166,107,1192,135,mobil
2240,0-normal-38.jpg,1280,720,1029,198,1049,213,motor
4453,90-normal-114.jpg,720,1280,489,1235,536,1256,mobil
3829,270-normal-62.jpg,720,1280,233,259,278,294,truk
6208,0-ckb-63.jpg,640,360,388,27,403,44,motor
7241,270-cka-59.jpg,360,640,312,292,347,316,mobil
6439,270-ckb-142.jpg,360,640,135,153,167,175,mobil
1613,90-normal-54.jpg,720,1280,567,954,593,976,mobil
3414,0-normal-170.jpg,1280,720,1117,78,1148,106,mobil
4977,180-normal-150.jpg,1280,720,156,652,177,685,mobil
2552,0-normal-61.jpg,1280,720,906,4,932,16,mobil
681,180-ckb-19.jpg,640,360,120,87,141,122,mobil
730,180-ckb-201.jpg,640,360,189,187,213,226,mobil
7403,270-cka-84.jpg,360,640,84,103,142,128,truk
1234,90-ckb-56.jpg,360,640,267,315,282,327,motor
6579,270-ckb-20.jpg,360,640,68,137,111,160,mobil
5036,180-normal-177.jpg,1280,720,407,654,441,695,mobil
435,180-cka-68.jpg,640,360,99,256,117,285,mobil
174,180-cka-170.jpg,640,360,137,253,177,283,mobil
6526,270-ckb-188.jpg,360,640,220,172,233,180,motor
5311,0-cka-57.jpg,640,360,351,31,368,62,mobil
3062,0-normal-83.jpg,1280,720,1156,22,1176,45,mobil
3620,270-normal-25.jpg,720,1280,20,186,56,209,mobil
1066,90-ckb-153.jpg,360,640,157,515,188,540,mobil
745,180-ckb-22.jpg,640,360,124,148,140,179,mobil
2250,0-normal-41.jpg,1280,720,1084,646,1095,662,motor
734,180-ckb-205.jpg,640,360,207,128,229,166,mobil
2933,0-normal-74.jpg,1280,720,1196,123,1216,150,mobil
748,180-ckb-23.jpg,640,360,114,124,140,176,truk
47,180-cka-119.jpg,640,360,1,46,18,107,truk
2144,0-normal-24.jpg,1280,720,1089,185,1124,258,truk
3468,0-normal-188.jpg,1280,720,938,69,964,99,mobil
6465,270-ckb-149.jpg,360,640,145,124,171,144,mobil
3624,270-normal-26.jpg,720,1280,290,142,321,168,motor
3421,0-normal-175.jpg,1280,720,1229,331,1268,370,mobil
5220,0-cka-41.jpg,640,360,331,197,359,243,truk
3418,0-normal-174.jpg,1280,720,1139,215,1169,247,motor
7317,270-cka-70.jpg,360,640,165,452,181,483,mobil
2220,0-normal-33.jpg,1280,720,1183,635,1197,650,motor
6247,0-ckb-68.jpg,640,360,519,127,537,158,mobil
5099,180-normal-192.jpg,1280,720,145,236,187,297,truk
7774,90-cka-54.jpg,360,640,189,288,226,314,mobil
4916,180-normal-140.jpg,1280,720,194,274,216,303,mobil
995,90-ckb-129.jpg,360,640,289,488,321,507,mobil
11,180-cka-7.jpg,640,360,7,1,42,44,truk
1256,90-ckb-59.jpg,360,640,167,333,182,345,motor
471,180-cka-74.jpg,640,360,43,245,53,259,motor
3112,0-normal-86.jpg,1280,720,1145,612,1187,638,truk
7067,270-cka-19.jpg,360,640,158,176,189,195,mobil
5628,0-cka-133.jpg,640,360,317,38,335,64,motor
5767,0-cka-189.jpg,640,360,316,47,345,95,truk
1952,90-normal-87.jpg,720,1280,436,1169,501,1206,truk
6657,270-ckb-53.jpg,360,640,21,334,43,347,motor
5039,180-normal-178.jpg,1280,720,150,89,183,137,mobil
3837,270-normal-63.jpg,720,1280,374,263,412,289,mobil
6139,0-ckb-54.jpg,640,360,290,9,312,37,mobil
5355,0-cka-63.jpg,640,360,362,298,382,335,truk
5529,0-cka-86.jpg,640,360,512,65,535,93,mobil
7521,90-cka-135.jpg,360,640,283,306,298,323,motor
7591,90-cka-167.jpg,360,640,327,450,344,471,mobil
2939,0-normal-74.jpg,1280,720,1160,451,1196,473,mobil
1798,90-normal-69.jpg,720,1280,54,1160,110,1191,truk
3715,270-normal-51.jpg,720,1280,70,333,102,352,mobil
5956,0-ckb-156.jpg,640,360,541,119,571,147,mobil
3441,0-normal-180.jpg,1280,720,1133,651,1159,691,mobil
3595,270-normal-20.jpg,720,1280,368,142,394,167,motor
7785,90-cka-55.jpg,360,640,92,321,125,346,mobil
1793,90-normal-69.jpg,720,1280,441,1133,472,1154,mobil
776,180-ckb-36.jpg,640,360,133,216,150,252,mobil
1751,90-normal-66.jpg,720,1280,280,1059,317,1081,mobil
6413,270-ckb-133.jpg,360,640,13,181,56,207,mobil
7794,90-cka-56.jpg,360,640,33,299,65,330,mobil
5173,0-cka-18.jpg,640,360,455,176,482,210,mobil
7262,270-cka-62.jpg,360,640,179,275,210,295,mobil
1604,90-normal-53.jpg,720,1280,572,928,606,954,mobil
1833,90-normal-72.jpg,720,1280,436,1141,458,1181,mobil
7639,90-cka-188.jpg,360,640,213,279,225,292,motor
7374,270-cka-76.jpg,360,640,36,32,93,59,truk
6069,0-ckb-26.jpg,640,360,444,126,471,161,mobil
1782,90-normal-68.jpg,720,1280,149,1120,194,1143,mobil
1292,90-ckb-65.jpg,360,640,273,376,312,400,truk
2879,0-normal-72.jpg,1280,720,1143,262,1178,283,mobil
7881,90-cka-69.jpg,360,640,246,139,266,167,mobil
3294,0-normal-138.jpg,1280,720,982,234,1007,276,mobil
990,90-ckb-127.jpg,360,640,255,550,274,565,mobil
265,180-cka-26.jpg,640,360,162,149,181,180,mobil
5423,0-cka-71.jpg,640,360,63,55,77,71,motor
1671,90-normal-59.jpg,720,1280,428,959,481,989,truk
2238,0-normal-37.jpg,1280,720,1155,632,1185,668,mobil
1231,90-ckb-55.jpg,360,640,315,325,357,348,truk
7626,90-cka-183.jpg,360,640,253,287,297,310,mobil
4185,270-normal-131.jpg,720,1280,386,152,428,172,mobil
826,180-ckb-57.jpg,640,360,314,341,333,360,mobil
7269,270-cka-63.jpg,360,640,163,306,181,336,mobil
7352,270-cka-75.jpg,360,640,316,80,344,122,mobil
4275,270-normal-147.jpg,720,1280,469,141,511,166,mobil
5120,180-normal-195.jpg,1280,720,110,1,134,49,mobil
5148,0-cka-2.jpg,640,360,554,217,570,234,motor
2107,0-normal-20.jpg,1280,720,1094,164,1118,207,truk
3547,270-normal-1.jpg,720,1280,237,71,286,106,truk
3999,270-normal-75.jpg,720,1280,142,64,173,82,mobil
1699,90-normal-61.jpg,720,1280,706,906,720,935,mobil
5749,0-cka-183.jpg,640,360,359,310,376,323,motor
4658,90-normal-168.jpg,720,1280,640,1069,671,1098,mobil
249,180-cka-20.jpg,640,360,153,61,172,93,mobil
3388,0-normal-154.jpg,1280,720,1236,488,1260,527,mobil
4836,180-normal-123.jpg,1280,720,57,383,82,423,mobil
6007,0-ckb-18.jpg,640,360,429,1,452,24,mobil
6169,0-ckb-57.jpg,640,360,357,230,381,297,truk
3558,270-normal-11.jpg,720,1280,394,22,451,71,truk
20,180-cka-113.jpg,640,360,13,202,33,225,motor
299,180-cka-42.jpg,640,360,292,105,317,138,mobil
4450,90-normal-113.jpg,720,1280,483,1241,516,1266,mobil
210,180-cka-187.jpg,640,360,374,269,390,283,motor
3020,0-normal-78.jpg,1280,720,1216,516,1262,534,mobil
7229,270-cka-57.jpg,360,640,134,302,162,323,mobil
1880,90-normal-75.jpg,720,1280,322,874,336,898,motor
3276,0-normal-135.jpg,1280,720,1009,252,1038,290,mobil
1902,90-normal-78.jpg,720,1280,359,1191,379,1232,mobil
1752,90-normal-66.jpg,720,1280,233,1077,280,1104,truk
5610,0-cka-127.jpg,640,360,475,244,493,267,mobil
4379,270-normal-188.jpg,720,1280,136,292,168,312,mobil
4549,90-normal-136.jpg,720,1280,375,1003,410,1027,mobil
5667,0-cka-144.jpg,640,360,462,141,485,172,mobil
6605,270-ckb-25.jpg,360,640,1,136,32,172,truk
3788,270-normal-58.jpg,720,1280,54,303,87,325,mobil
280,180-cka-30.jpg,640,360,173,287,189,308,motor
7177,270-cka-50.jpg,360,640,32,343,62,362,mobil
2367,0-normal-52.jpg,1280,720,962,548,973,567,motor
7238,270-cka-58.jpg,360,640,59,298,88,319,mobil
3965,270-normal-73.jpg,720,1280,644,1,676,26,truk
6168,0-ckb-57.jpg,640,360,312,187,340,236,truk
1053,90-ckb-147.jpg,360,640,191,498,238,522,mobil
5656,0-cka-142.jpg,640,360,443,295,465,323,mobil
706,180-ckb-196.jpg,640,360,189,220,204,240,motor
1728,90-normal-64.jpg,720,1280,152,986,217,1025,truk
677,180-ckb-187.jpg,640,360,189,135,203,159,motor
3542,0-normal-204.jpg,1280,720,1047,528,1081,585,truk
2369,0-normal-52.jpg,1280,720,934,177,955,202,mobil
7604,90-cka-176.jpg,360,640,5,487,27,519,mobil
1615,90-normal-54.jpg,720,1280,463,932,493,955,mobil
7145,270-cka-42.jpg,360,640,321,325,355,346,mobil
3084,0-normal-84.jpg,1280,720,1142,417,1177,434,mobil
7271,270-cka-63.jpg,360,640,30,237,48,249,motor
3969,270-normal-73.jpg,720,1280,221,17,246,35,mobil
5360,0-cka-64.jpg,640,360,389,79,409,108,mobil
1489,90-normal-29.jpg,720,1280,625,1066,669,1092,mobil
4090,270-normal-89.jpg,720,1280,1,129,26,164,mobil
4715,90-normal-190.jpg,720,1280,125,1133,162,1163,mobil
7356,270-cka-75.jpg,360,640,132,37,146,48,motor
3147,0-normal-88.jpg,1280,720,1176,229,1218,300,truk
5711,0-cka-161.jpg,640,360,586,74,612,104,mobil
6354,0-ckb-83.jpg,640,360,548,273,579,339,truk
3399,0-normal-158.jpg,1280,720,1095,66,1125,92,mobil
788,180-ckb-45.jpg,640,360,292,145,315,176,mobil
7967,90-cka-79.jpg,360,640,343,615,360,636,mobil
1723,90-normal-64.jpg,720,1280,450,946,469,976,mobil
1023,90-ckb-14.jpg,360,640,152,535,222,573,truk
3949,270-normal-71.jpg,720,1280,177,120,202,160,mobil
4152,270-normal-124.jpg,720,1280,239,91,268,107,mobil
6573,270-ckb-199.jpg,360,640,259,167,277,183,motor
5671,0-cka-145.jpg,640,360,418,5,437,37,mobil
3583,270-normal-18.jpg,720,1280,608,99,686,147,truk
3164,0-normal-89.jpg,1280,720,1187,285,1222,352,truk
4590,90-normal-143.jpg,720,1280,1,1156,33,1177,mobil
2460,0-normal-57.jpg,1280,720,967,77,987,112,truk
3318,0-normal-142.jpg,1280,720,1081,300,1103,336,mobil
7708,90-cka-34.jpg,360,640,123,434,156,466,mobil
50,180-cka-120.jpg,640,360,37,64,51,85,mobil
2018,0-normal-10.jpg,1280,720,1040,461,1163,504,truk
2659,0-normal-64.jpg,1280,720,992,594,1011,633,mobil
6118,0-ckb-50.jpg,640,360,275,195,301,235,truk
4074,270-normal-86.jpg,720,1280,65,104,88,127,mobil
1206,90-ckb-43.jpg,360,640,249,236,270,279,mobil
5838,0-ckb-119.jpg,640,360,551,119,564,137,mobil
1945,90-normal-86.jpg,720,1280,193,1191,218,1212,motor
5900,0-ckb-138.jpg,640,360,312,109,324,127,motor
4167,270-normal-127.jpg,720,1280,248,150,283,169,mobil
7560,90-cka-15.jpg,360,640,250,445,267,466,motor
3854,270-normal-65.jpg,720,1280,642,238,686,276,mobil
453,180-cka-72.jpg,640,360,116,259,150,275,mobil
3390,0-normal-154.jpg,1280,720,1135,114,1163,143,mobil
4444,90-normal-111.jpg,720,1280,681,1213,720,1237,mobil
5950,0-ckb-154.jpg,640,360,491,119,512,146,mobil
1973,90-normal-90.jpg,720,1280,375,1261,403,1280,mobil
3478,0-normal-190.jpg,1280,720,1138,554,1165,597,mobil
4575,90-normal-141.jpg,720,1280,256,1103,286,1129,mobil
4073,270-normal-86.jpg,720,1280,184,80,242,113,mobil
7895,90-cka-70.jpg,360,640,2,551,33,571,mobil
5405,0-cka-69.jpg,640,360,503,207,514,226,motor
5450,0-cka-74.jpg,640,360,382,307,404,327,motor
6210,0-ckb-63.jpg,640,360,303,164,333,180,mobil
2566,0-normal-61.jpg,1280,720,906,4,932,16,mobil
1157,90-ckb-204.jpg,360,640,142,408,207,445,mobil
2361,0-normal-52.jpg,1280,720,932,256,953,296,truk
5663,0-cka-143.jpg,640,360,441,17,459,47,mobil
2125,0-normal-21.jpg,1280,720,1126,690,1157,720,truk
3490,0-normal-191.jpg,1280,720,1061,229,1093,272,truk
3793,270-normal-59.jpg,720,1280,315,289,348,313,mobil
6996,270-cka-158.jpg,360,640,134,98,157,124,mobil
2160,0-normal-26.jpg,1280,720,1114,299,1131,316,motor
4720,90-normal-191.jpg,720,1280,386,1057,433,1088,truk
4861,180-normal-128.jpg,1280,720,111,316,140,341,mobil
2858,0-normal-71.jpg,1280,720,1233,430,1244,441,motor
221,180-cka-19.jpg,640,360,151,81,170,104,motor
402,180-cka-63.jpg,640,360,268,73,285,106,mobil
4660,90-normal-169.jpg,720,1280,407,1240,440,1267,mobil
567,180-ckb-13.jpg,640,360,46,204,88,264,truk
3271,0-normal-133.jpg,1280,720,1057,273,1075,303,mobil
7320,270-cka-71.jpg,360,640,331,52,346,69,motor
2124,0-normal-21.jpg,1280,720,1139,588,1165,626,mobil
4459,90-normal-116.jpg,720,1280,623,1192,646,1212,mobil
386,180-cka-60.jpg,640,360,284,33,311,89,truk
2527,0-normal-59.jpg,1280,720,1013,615,1028,631,motor
4430,270-normal-199.jpg,720,1280,653,138,693,157,mobil
799,180-ckb-51.jpg,640,360,318,290,332,307,motor
5574,0-cka-118.jpg,640,360,593,137,623,194,truk
5674,0-cka-146.jpg,640,360,428,47,451,75,mobil
6602,270-ckb-22.jpg,360,640,46,135,98,167,truk
6499,270-ckb-178.jpg,360,640,238,141,254,158,mobil
324,180-cka-51.jpg,640,360,330,262,353,296,mobil
4382,270-normal-189.jpg,720,1280,173,252,208,269,mobil
4411,270-normal-193.jpg,720,1280,293,210,341,235,truk
2826,0-normal-70.jpg,1280,720,1192,101,1207,124,mobil
6596,270-ckb-21.jpg,360,640,137,123,159,146,motor
2074,0-normal-18.jpg,1280,720,1095,51,1111,80,mobil
7642,90-cka-189.jpg,360,640,167,367,198,386,mobil
2644,0-normal-64.jpg,1280,720,1005,363,1026,406,truk
1218,90-ckb-46.jpg,360,640,39,324,67,343,mobil
5435,0-cka-72.jpg,640,360,613,205,633,224,motor
7367,270-cka-76.jpg,360,640,275,61,296,93,mobil
6055,0-ckb-192.jpg,640,360,412,233,430,264,mobil
614,180-ckb-145.jpg,640,360,139,27,157,49,mobil
688,180-ckb-192.jpg,640,360,89,75,110,104,mobil
2675,0-normal-65.jpg,1280,720,998,20,1016,41,mobil
7130,270-cka-37.jpg,360,640,67,267,84,278,motor
269,180-cka-27.jpg,640,360,157,70,180,103,mobil
4252,270-normal-144.jpg,720,1280,146,156,194,185,mobil
4849,180-normal-126.jpg,1280,720,134,460,154,489,mobil
926,180-ckb-73.jpg,640,360,1,52,16,89,truk
2258,0-normal-42.jpg,1280,720,971,236,986,258,mobil
6892,270-cka-124.jpg,360,640,246,89,269,110,mobil
235,180-cka-191.jpg,640,360,228,144,247,180,mobil
32,180-cka-116.jpg,640,360,8,28,28,58,mobil
1912,90-normal-79.jpg,720,1280,292,1211,312,1250,mobil
3505,0-normal-193.jpg,1280,720,1088,363,1108,398,mobil
1281,90-ckb-63.jpg,360,640,159,347,198,369,mobil
3282,0-normal-136.jpg,1280,720,990,228,1018,266,mobil
7005,270-cka-161.jpg,360,640,83,33,105,57,mobil
5367,0-cka-65.jpg,640,360,301,296,334,312,mobil
761,180-ckb-30.jpg,640,360,99,1,121,31,mobil
1850,90-normal-73.jpg,720,1280,493,1222,520,1247,mobil
1855,90-normal-73.jpg,720,1280,306,798,332,835,mobil
715,180-ckb-198.jpg,640,360,174,122,196,150,motor
7334,270-cka-73.jpg,360,640,193,36,226,55,mobil
207,180-cka-186.jpg,640,360,267,87,283,111,motor
5064,180-normal-187.jpg,1280,720,344,568,370,604,mobil
7848,90-cka-64.jpg,360,640,65,351,112,380,truk
1492,90-normal-3.jpg,720,1280,620,1164,647,1187,motor
2389,0-normal-54.jpg,1280,720,957,247,982,290,truk
2400,0-normal-54.jpg,1280,720,953,187,973,218,mobil
3426,0-normal-177.jpg,1280,720,1099,447,1131,483,mobil
5752,0-cka-184.jpg,640,360,361,343,378,353,motor
383,180-cka-59.jpg,640,360,294,211,322,253,truk
6363,0-ckb-85.jpg,640,360,515,115,548,179,truk
3728,270-normal-53.jpg,720,1280,95,307,131,325,mobil
3330,0-normal-143.jpg,1280,720,1173,564,1185,586,motor
6730,270-ckb-66.jpg,360,640,161,188,195,207,mobil
5928,0-ckb-147.jpg,640,360,431,67,449,91,mobil
6538,270-ckb-191.jpg,360,640,141,110,173,125,mobil
2202,0-normal-31.jpg,1280,720,1112,336,1132,367,mobil
7281,270-cka-65.jpg,360,640,234,232,247,247,motor
5259,0-cka-52.jpg,640,360,292,251,311,288,truk
1665,90-normal-58.jpg,720,1280,174,955,194,967,motor
6105,0-ckb-46.jpg,640,360,266,81,289,120,truk
1463,90-normal-25.jpg,720,1280,459,1100,512,1126,truk
6893,270-cka-124.jpg,360,640,217,81,237,97,mobil
3512,0-normal-194.jpg,1280,720,1146,578,1174,621,truk
1400,90-normal-1.jpg,720,1280,574,1158,599,1177,motor
5002,180-normal-156.jpg,1280,720,74,579,108,609,mobil
6501,270-ckb-179.jpg,360,640,325,170,360,187,mobil
6206,0-ckb-62.jpg,640,360,349,224,376,267,truk
957,180-ckb-82.jpg,640,360,14,80,40,115,mobil
2898,0-normal-73.jpg,1280,720,1265,641,1280,672,truk
6542,270-ckb-192.jpg,360,640,1,156,25,177,mobil
4804,180-normal-116.jpg,1280,720,7,392,26,421,mobil
1597,90-normal-52.jpg,720,1280,595,929,633,954,mobil
4538,90-normal-133.jpg,720,1280,227,1094,269,1119,mobil
429,180-cka-67.jpg,640,360,175,217,192,243,mobil
1440,90-normal-20.jpg,720,1280,394,1087,428,1108,mobil
2205,0-normal-31.jpg,1280,720,1112,336,1132,367,mobil
1838,90-normal-72.jpg,720,1280,16,1215,57,1243,mobil
5917,0-ckb-143.jpg,640,360,455,270,464,282,motor
1307,90-ckb-67.jpg,360,640,303,455,349,480,truk
286,180-cka-35.jpg,640,360,149,1,182,31,mobil
7448,90-cka-114.jpg,360,640,121,597,155,614,mobil
6352,0-ckb-83.jpg,640,360,473,194,504,216,mobil
4884,180-normal-133.jpg,1280,720,182,297,213,339,mobil
6093,0-ckb-41.jpg,640,360,295,259,320,285,mobil
1397,90-ckb-89.jpg,360,640,321,577,360,600,mobil
3317,0-normal-142.jpg,1280,720,1068,104,1100,186,truk
1981,0-normal-1.jpg,1280,720,1251,540,1277,580,mobil
3977,270-normal-73.jpg,720,1280,39,50,60,69,motor
7945,90-cka-75.jpg,360,640,334,601,359,620,truk
6953,270-cka-143.jpg,360,640,14,179,42,204,mobil
7751,90-cka-51.jpg,360,640,320,287,360,312,truk
5760,0-cka-187.jpg,640,360,251,75,272,94,motor
2236,0-normal-37.jpg,1280,720,1155,632,1185,668,mobil
6565,270-ckb-197.jpg,360,640,177,142,198,158,motor
1824,90-normal-71.jpg,720,1280,244,1234,273,1252,truk
2485,0-normal-58.jpg,1280,720,1000,293,1024,367,truk
7154,270-cka-44.jpg,360,640,195,319,223,343,mobil
3865,270-normal-65.jpg,720,1280,42,213,67,229,truk
5022,180-normal-172.jpg,1280,720,102,559,136,596,mobil
1300,90-ckb-66.jpg,360,640,349,349,360,382,mobil
3622,270-normal-26.jpg,720,1280,133,163,172,195,mobil
3379,0-normal-153.jpg,1280,720,1153,529,1177,562,mobil
1051,90-ckb-146.jpg,360,640,341,476,360,493,mobil
3526,0-normal-197.jpg,1280,720,1052,426,1085,486,truk
1584,90-normal-50.jpg,720,1280,403,946,426,961,motor
6146,0-ckb-54.jpg,640,360,318,234,342,278,truk
7993,90-cka-87.jpg,360,640,270,505,295,529,mobil
2331,0-normal-48.jpg,1280,720,892,703,928,720,mobil
7459,90-cka-117.jpg,360,640,70,606,113,633,mobil
7787,90-cka-55.jpg,360,640,62,298,91,321,mobil
3048,0-normal-82.jpg,1280,720,1182,36,1209,96,truk
1264,90-ckb-60.jpg,360,640,331,333,360,355,truk
4568,90-normal-139.jpg,720,1280,45,1087,65,1099,motor
4049,270-normal-82.jpg,720,1280,612,16,653,48,mobil
961,180-ckb-83.jpg,640,360,22,22,48,57,mobil
7288,270-cka-66.jpg,360,640,75,172,99,188,mobil
2848,0-normal-70.jpg,1280,720,1149,558,1175,609,truk
1243,90-ckb-57.jpg,360,640,207,329,243,347,mobil
5532,0-cka-87.jpg,640,360,521,10,534,27,motor
13,180-cka-111.jpg,640,360,44,333,63,360,mobil
3536,0-normal-199.jpg,1280,720,1115,548,1143,592,mobil
6328,0-ckb-77.jpg,640,360,619,22,638,48,truk
6057,0-ckb-193.jpg,640,360,449,313,460,326,motor
6927,270-cka-135.jpg,360,640,62,315,80,334,motor
186,180-cka-178.jpg,640,360,390,171,405,185,motor
1367,90-ckb-79.jpg,360,640,130,568,153,607,mobil
3117,0-normal-86.jpg,1280,720,1195,506,1208,524,motor
2713,0-normal-66.jpg,1280,720,1007,375,1037,388,mobil
4377,270-normal-188.jpg,720,1280,625,170,666,202,mobil
519,180-cka-84.jpg,640,360,69,88,91,117,mobil
3314,0-normal-141.jpg,1280,720,1024,1,1047,32,truk
3674,270-normal-42.jpg,720,1280,302,272,351,303,truk
2394,0-normal-54.jpg,1280,720,926,62,953,113,truk
2189,0-normal-29.jpg,1280,720,1102,156,1116,176,motor
7807,90-cka-58.jpg,360,640,153,314,188,339,mobil
4253,270-normal-144.jpg,720,1280,610,128,657,149,mobil
30,180-cka-116.jpg,640,360,48,220,72,247,mobil
1310,90-ckb-68.jpg,360,640,160,428,179,461,mobil
2666,0-normal-65.jpg,1280,720,941,304,974,320,mobil
6098,0-ckb-42.jpg,640,360,339,261,352,279,motor
7574,90-cka-155.jpg,360,640,225,534,248,553,mobil
7277,270-cka-64.jpg,360,640,83,228,106,251,mobil
5046,180-normal-179.jpg,1280,720,358,410,380,444,motor
4027,270-normal-78.jpg,720,1280,326,53,345,86,mobil
2131,0-normal-22.jpg,1280,720,1136,553,1160,586,mobil
4274,270-normal-147.jpg,720,1280,603,107,650,125,mobil
343,180-cka-54.jpg,640,360,326,104,346,134,mobil
2862,0-normal-71.jpg,1280,720,1178,593,1205,645,truk
2248,0-normal-40.jpg,1280,720,1073,466,1088,483,motor
2047,0-normal-16.jpg,1280,720,1076,98,1098,125,mobil
4995,180-normal-154.jpg,1280,720,43,183,65,213,mobil
5476,0-cka-76.jpg,640,360,561,152,583,186,mobil
862,180-ckb-65.jpg,640,360,243,109,270,174,truk
5070,180-normal-188.jpg,1280,720,167,62,194,94,mobil
7776,90-cka-54.jpg,360,640,147,312,182,334,mobil
5378,0-cka-66.jpg,640,360,411,319,434,360,truk
6012,0-ckb-181.jpg,640,360,334,238,354,266,motor
3701,270-normal-48.jpg,720,1280,142,343,185,373,truk
7350,270-cka-74.jpg,360,640,96,97,125,132,mobil
4952,180-normal-145.jpg,1280,720,128,198,155,241,mobil
6576,270-ckb-199.jpg,360,640,100,192,149,217,mobil
3895,270-normal-68.jpg,720,1280,526,137,564,155,mobil
2422,0-normal-55.jpg,1280,720,961,300,980,333,mobil
363,180-cka-56.jpg,640,360,317,253,340,283,mobil
2338,0-normal-49.jpg,1280,720,911,168,934,204,truk
6181,0-ckb-59.jpg,640,360,320,181,344,212,mobil
4805,180-normal-116.jpg,1280,720,21,461,47,491,mobil
6963,270-cka-145.jpg,360,640,286,141,325,166,mobil
5142,180-normal-207.jpg,1280,720,144,6,170,36,mobil
2648,0-normal-64.jpg,1280,720,1025,87,1042,112,mobil
564,180-ckb-129.jpg,640,360,104,224,131,255,mobil
7980,90-cka-83.jpg,360,640,18,549,86,579,truk
2055,0-normal-17.jpg,1280,720,1155,579,1192,638,truk
3675,270-normal-42.jpg,720,1280,226,290,256,313,mobil
3113,0-normal-86.jpg,1280,720,1151,62,1171,86,mobil
7003,270-cka-160.jpg,360,640,74,48,106,72,mobil
179,180-cka-174.jpg,640,360,1,12,35,25,mobil
7904,90-cka-72.jpg,360,640,79,503,100,537,mobil
6964,270-cka-145.jpg,360,640,5,207,34,224,mobil
112,180-cka-143.jpg,640,360,157,1,177,31,mobil
6133,0-ckb-53.jpg,640,360,337,1,357,40,truk
3457,0-normal-185.jpg,1280,720,1050,481,1075,508,motor
1232,90-ckb-55.jpg,360,640,323,296,360,323,truk
5066,180-normal-187.jpg,1280,720,138,92,166,131,mobil
91,180-cka-134.jpg,640,360,233,43,252,63,mobil
1685,90-normal-60.jpg,720,1280,538,968,573,993,truk
1765,90-normal-67.jpg,720,1280,296,1096,351,1125,truk
6282,0-ckb-73.jpg,640,360,400,208,417,223,motor
4933,180-normal-143.jpg,1280,720,90,130,111,168,motor
2470,0-normal-57.jpg,1280,720,956,566,977,603,mobil
3218,0-normal-122.jpg,1280,720,1114,1,1136,23,mobil
1633,90-normal-56.jpg,720,1280,339,973,372,999,mobil
6072,0-ckb-26.jpg,640,360,471,321,504,360,truk
2037,0-normal-14.jpg,1280,720,1174,501,1220,568,truk
5593,0-cka-122.jpg,640,360,533,164,553,192,mobil
3292,0-normal-138.jpg,1280,720,946,110,960,130,motor
726,180-ckb-200.jpg,640,360,219,219,248,271,truk
7769,90-cka-53.jpg,360,640,295,316,326,338,mobil
5219,0-cka-41.jpg,640,360,295,259,315,284,mobil
289,180-cka-39.jpg,640,360,217,27,231,48,motor
5501,0-cka-80.jpg,640,360,620,1,640,43,truk
7486,90-cka-124.jpg,360,640,92,524,121,552,mobil
1351,90-ckb-74.jpg,360,640,257,521,276,553,mobil
6941,270-cka-14.jpg,360,640,163,137,226,169,truk
459,180-cka-73.jpg,640,360,105,194,140,212,mobil
7511,90-cka-131.jpg,360,640,320,328,334,344,motor
2226,0-normal-34.jpg,1280,720,1082,220,1107,250,mobil
2832,0-normal-70.jpg,1280,720,1214,389,1228,416,truk
1376,90-ckb-80.jpg,360,640,130,619,168,640,mobil
4040,270-normal-79.jpg,720,1280,210,1,229,14,motor
3894,270-normal-68.jpg,720,1280,530,100,568,119,mobil
2298,0-normal-45.jpg,1280,720,1054,652,1090,709,truk
7414,270-cka-87.jpg,360,640,58,93,73,106,motor
165,180-cka-164.jpg,640,360,6,185,26,209,mobil
3189,0-normal-116.jpg,1280,720,1210,111,1231,140,mobil
5374,0-cka-66.jpg,640,360,397,55,411,78,mobil
3101,0-normal-85.jpg,1280,720,1189,257,1210,283,mobil
3804,270-normal-60.jpg,720,1280,348,282,390,313,mobil
5155,0-cka-6.jpg,640,360,364,161,476,210,truk
6718,270-ckb-64.jpg,360,640,231,270,276,297,mobil
4619,90-normal-149.jpg,720,1280,599,1082,633,1107,mobil
2693,0-normal-66.jpg,1280,720,1083,266,1099,298,mobil
2116,0-normal-21.jpg,1280,720,1108,443,1133,475,mobil
4807,180-normal-116.jpg,1280,720,65,618,86,650,mobil
3303,0-normal-139.jpg,1280,720,949,146,966,170,motor
4862,180-normal-128.jpg,1280,720,86,240,106,270,mobil
6673,270-ckb-56.jpg,360,640,18,307,66,331,truk
539,180-cka-89.jpg,640,360,57,10,91,81,truk
1787,90-normal-69.jpg,720,1280,657,1093,680,1129,mobil
2571,0-normal-61.jpg,1280,720,974,127,991,158,mobil
2076,0-normal-18.jpg,1280,720,1172,619,1186,634,motor
5506,0-cka-82.jpg,640,360,547,33,573,94,truk
4385,270-normal-189.jpg,720,1280,57,271,93,291,mobil
3757,270-normal-56.jpg,720,1280,302,312,328,332,mobil
5454,0-cka-74.jpg,640,360,497,214,532,241,mobil
7243,270-cka-59.jpg,360,640,236,293,293,321,truk
359,180-cka-56.jpg,640,360,288,96,301,114,motor
5784,0-cka-193.jpg,640,360,449,315,460,327,motor
49,180-cka-120.jpg,640,360,71,198,87,221,mobil
1531,90-normal-42.jpg,720,1280,361,932,391,956,mobil
2545,0-normal-60.jpg,1280,720,976,353,997,386,mobil
1438,90-normal-20.jpg,720,1280,509,1092,564,1121,truk
55,180-cka-122.jpg,640,360,78,134,98,164,mobil
4945,180-normal-144.jpg,1280,720,125,75,139,104,truk
5624,0-cka-131.jpg,640,360,452,297,473,322,mobil
7812,90-cka-59.jpg,360,640,208,321,251,349,truk
7991,90-cka-87.jpg,360,640,14,556,46,582,mobil
2818,0-normal-69.jpg,1280,720,1175,367,1187,386,motor
4279,270-normal-148.jpg,720,1280,475,125,516,150,mobil
5481,0-cka-76.jpg,640,360,620,293,635,323,truk
836,180-ckb-60.jpg,640,360,268,153,296,201,truk
7392,270-cka-82.jpg,360,640,334,46,355,62,motor
2715,0-normal-66.jpg,1280,720,991,432,1027,448,mobil
2893,0-normal-72.jpg,1280,720,1220,660,1242,702,mobil
2669,0-normal-65.jpg,1280,720,935,370,969,389,mobil
3529,0-normal-198.jpg,1280,720,1073,395,1099,432,mobil
3782,270-normal-58.jpg,720,1280,294,254,367,281,truk
4308,270-normal-154.jpg,720,1280,511,45,533,65,mobil
3123,0-normal-87.jpg,1280,720,1174,222,1202,281,truk
6610,270-ckb-27.jpg,360,640,72,121,92,137,motor
5626,0-cka-132.jpg,640,360,433,286,456,316,mobil
6406,270-ckb-129.jpg,360,640,46,134,75,158,mobil
51,180-cka-121.jpg,640,360,66,150,83,181,mobil
6743,270-ckb-68.jpg,360,640,294,120,332,149,mobil
7912,90-cka-73.jpg,360,640,146,148,160,164,motor
5803,0-ckb-6.jpg,640,360,583,266,602,284,motor
7032,270-cka-179.jpg,360,640,291,360,317,383,motor
2568,0-normal-61.jpg,1280,720,903,57,932,74,mobil
3647,270-normal-31.jpg,720,1280,334,145,374,173,mobil
2088,0-normal-19.jpg,1280,720,1109,330,1133,365,mobil
6424,270-ckb-138.jpg,360,640,5,250,37,269,mobil
6195,0-ckb-61.jpg,640,360,257,87,284,112,mobil
6577,270-ckb-199.jpg,360,640,298,178,329,200,mobil
1035,90-ckb-143.jpg,360,640,133,492,162,513,mobil
4825,180-normal-120.jpg,1280,720,74,553,90,591,mobil
318,180-cka-50.jpg,640,360,341,124,363,167,truk
955,180-ckb-81.jpg,640,360,1,163,33,181,mobil
1552,90-normal-44.jpg,720,1280,211,943,241,972,mobil
5473,0-cka-75.jpg,640,360,624,279,640,308,mobil
6336,0-ckb-78.jpg,640,360,612,171,626,189,motor
5263,0-cka-52.jpg,640,360,289,13,311,54,truk
6734,270-ckb-67.jpg,360,640,223,144,261,168,mobil
2373,0-normal-52.jpg,1280,720,956,17,972,45,mobil
5393,0-cka-68.jpg,640,360,536,215,554,243,truk
5895,0-ckb-137.jpg,640,360,303,87,326,112,motor
4737,90-normal-193.jpg,720,1280,93,1141,158,1166,truk
1817,90-normal-71.jpg,720,1280,466,787,492,824,mobil
3035,0-normal-79.jpg,1280,720,1238,528,1272,547,mobil
6965,270-cka-146.jpg,360,640,54,194,79,211,mobil
4642,90-normal-155.jpg,720,1280,664,1120,693,1145,mobil
3498,0-normal-192.jpg,1280,720,1051,237,1073,277,mobil
5951,0-ckb-154.jpg,640,360,453,23,472,47,mobil
2853,0-normal-71.jpg,1280,720,1201,152,1219,174,mobil
5074,180-normal-189.jpg,1280,720,274,494,299,535,mobil
5526,0-cka-85.jpg,640,360,516,113,548,176,mobil
3608,270-normal-22.jpg,720,1280,664,109,685,130,motor
6492,270-ckb-177.jpg,360,640,164,95,185,111,mobil
4876,180-normal-131.jpg,1280,720,167,391,187,418,mobil
4588,90-normal-143.jpg,720,1280,120,1129,158,1156,mobil
869,180-ckb-66.jpg,640,360,185,234,208,276,truk
4067,270-normal-85.jpg,720,1280,117,85,182,127,mobil
4587,90-normal-143.jpg,720,1280,665,1082,708,1108,mobil
7640,90-cka-189.jpg,360,640,187,325,204,342,motor
5231,0-cka-43.jpg,640,360,336,307,360,340,mobil
3875,270-normal-66.jpg,720,1280,264,174,300,200,mobil
1998,0-normal-5.jpg,1280,720,1235,305,1278,361,truk
7213,270-cka-55.jpg,360,640,272,322,300,339,mobil
6362,0-ckb-85.jpg,640,360,503,30,526,57,truk
3014,0-normal-78.jpg,1280,720,1242,289,1267,317,mobil
5743,0-cka-180.jpg,640,360,333,306,348,326,motor
2759,0-normal-68.jpg,1280,720,1157,198,1174,229,mobil
3130,0-normal-87.jpg,1280,720,1148,69,1167,92,mobil
7541,90-cka-142.jpg,360,640,300,416,335,440,mobil
6449,270-ckb-145.jpg,360,640,306,137,348,152,mobil
6736,270-ckb-67.jpg,360,640,101,159,134,180,mobil
7775,90-cka-54.jpg,360,640,213,316,244,332,mobil
7400,270-cka-83.jpg,360,640,51,102,109,130,truk
4705,90-normal-189.jpg,720,1280,494,977,535,999,truk
3450,0-normal-183.jpg,1280,720,1032,403,1050,429,motor
4760,90-normal-197.jpg,720,1280,53,1100,102,1127,mobil
3229,0-normal-125.jpg,1280,720,1136,215,1161,245,mobil
1135,90-ckb-197.jpg,360,640,200,408,233,425,mobil
3802,270-normal-60.jpg,720,1280,439,276,476,303,mobil
7830,90-cka-61.jpg,360,640,290,252,311,287,mobil
2880,0-normal-72.jpg,1280,720,1243,449,1258,466,motor
5301,0-cka-56.jpg,640,360,348,147,370,210,truk
1617,90-normal-54.jpg,720,1280,365,934,408,959,truk
354,180-cka-55.jpg,640,360,274,203,298,266,truk
4906,180-normal-138.jpg,1280,720,253,326,271,356,mobil
2582,0-normal-62.jpg,1280,720,1050,584,1079,668,truk
6851,270-cka-114.jpg,360,640,73,50,98,67,mobil
6094,0-ckb-41.jpg,640,360,331,198,360,246,mobil
6645,270-ckb-45.jpg,360,640,279,191,337,225,truk
7186,270-cka-52.jpg,360,640,171,329,201,348,mobil
202,180-cka-183.jpg,640,360,269,31,287,59,motor
1736,90-normal-65.jpg,720,1280,382,950,399,980,mobil
7716,90-cka-40.jpg,360,640,155,288,181,310,mobil